epoch,batch,loss,classification_loss,bbox_regression_loss
0,0,1.7769311666488647,1.1791828870773315,0.5977482795715332
0,1,1.7186490297317505,1.2146533727645874,0.5039956569671631
0,2,1.8780266046524048,1.211380124092102,0.6666464805603027
0,3,1.631058692932129,1.157124638557434,0.4739340841770172
0,4,1.6479606628417969,1.16145658493042,0.48650407791137695
0,5,1.698646068572998,1.1574887037277222,0.5411573648452759
0,6,1.6208499670028687,1.1927969455718994,0.42805299162864685
0,7,2.0898990631103516,1.3015271425247192,0.7883720397949219
0,8,1.7635524272918701,1.1562830209732056,0.6072694063186646
0,9,1.6934192180633545,1.1847046613693237,0.5087145566940308
0,10,1.8165010213851929,1.2317280769348145,0.5847729444503784
0,11,1.7522505521774292,1.1877262592315674,0.5645242929458618
0,12,1.7933614253997803,1.189333438873291,0.6040279865264893
0,13,1.6837095022201538,1.1614896059036255,0.5222198963165283
0,14,1.8081542253494263,1.1603713035583496,0.6477829217910767
0,15,1.7018473148345947,1.1568551063537598,0.5449921488761902
0,16,1.8340036869049072,1.2028264999389648,0.6311772465705872
0,17,1.9674744606018066,1.170928716659546,0.796545684337616
0,18,1.6812834739685059,1.1687695980072021,0.5125138163566589
0,19,1.7564420700073242,1.1495449542999268,0.6068971157073975
0,20,1.872288465499878,1.1912355422973633,0.6810528635978699
0,21,1.7450441122055054,1.167180061340332,0.5778640508651733
0,22,1.6989294290542603,1.1669223308563232,0.532007098197937
0,23,1.797603726387024,1.1876814365386963,0.6099222898483276
0,24,1.9173908233642578,1.2005183696746826,0.7168724536895752
0,25,1.8806694746017456,1.204190969467163,0.6764785051345825
0,26,1.7509723901748657,1.1660337448120117,0.584938645362854
0,27,1.7569037675857544,1.1690778732299805,0.5878258943557739
0,28,1.773529052734375,1.1707888841629028,0.6027401685714722
0,29,1.7246094942092896,1.1795592308044434,0.5450502634048462
0,30,1.6659642457962036,1.1532399654388428,0.5127242803573608
0,31,1.8200421333312988,1.177004098892212,0.6430380344390869
0,32,1.7686326503753662,1.1720534563064575,0.5965791940689087
0,33,1.6098953485488892,1.1660468578338623,0.44384849071502686
0,34,1.6663908958435059,1.1488075256347656,0.5175833106040955
0,35,1.7954636812210083,1.2199863195419312,0.5754773616790771
0,36,1.543323040008545,1.1960058212280273,0.3473171889781952
0,37,1.5681545734405518,1.1506431102752686,0.4175114631652832
0,38,1.679842472076416,1.1543262004852295,0.5255162119865417
0,39,1.556542158126831,1.1643378734588623,0.39220428466796875
0,40,1.701173186302185,1.1668931245803833,0.5342800617218018
0,41,1.6219791173934937,1.1774168014526367,0.44456231594085693
0,42,1.5947943925857544,1.152841567993164,0.44195279479026794
0,43,1.7151635885238647,1.1999492645263672,0.5152143239974976
0,44,1.6924915313720703,1.169905185699463,0.5225863456726074
0,45,1.605933666229248,1.164565920829773,0.4413676857948303
0,46,1.8236452341079712,1.2126915454864502,0.610953688621521
0,47,1.6259572505950928,1.1947237253189087,0.4312334954738617
0,48,1.7208311557769775,1.2936408519744873,0.42719024419784546
0,49,1.5690113306045532,1.164765477180481,0.40424585342407227
0,50,1.5429824590682983,1.1586406230926514,0.384341835975647
0,51,1.5275872945785522,1.1899373531341553,0.337649941444397
0,52,1.6149972677230835,1.1932716369628906,0.42172566056251526
0,53,1.7277649641036987,1.1392536163330078,0.5885113477706909
0,54,1.8350696563720703,1.1547222137451172,0.6803474426269531
0,55,1.5986428260803223,1.1525797843933105,0.4460631012916565
0,56,1.697600245475769,1.1480112075805664,0.5495890378952026
0,57,1.9089181423187256,1.1969876289367676,0.711930513381958
0,58,1.6638224124908447,1.1401015520095825,0.5237208604812622
0,59,1.65717613697052,1.177283525466919,0.4798926115036011
0,60,1.706362009048462,1.1577262878417969,0.548635721206665
0,61,1.6310689449310303,1.1479926109313965,0.48307639360427856
0,62,1.5549054145812988,1.16389799118042,0.3910074830055237
0,63,1.5973390340805054,1.1678097248077393,0.4295293092727661
0,64,1.731780767440796,1.218599796295166,0.5131810307502747
0,65,1.5269179344177246,1.1857352256774902,0.3411826491355896
0,66,1.5191779136657715,1.1460368633270264,0.3731411099433899
0,67,1.5918877124786377,1.1736030578613281,0.4182845950126648
0,68,1.6807730197906494,1.1723814010620117,0.5083916783332825
0,69,1.7070786952972412,1.2774763107299805,0.42960238456726074
0,70,1.5823235511779785,1.1488230228424072,0.4335005283355713
0,71,1.6636227369308472,1.1575390100479126,0.5060837268829346
0,72,1.535544514656067,1.162355899810791,0.3731885850429535
0,73,2.5468029975891113,1.4997296333312988,1.0470733642578125
0,74,1.768683910369873,1.1941020488739014,0.5745818018913269
0,75,1.6477490663528442,1.2340059280395508,0.41374313831329346
0,76,1.5937414169311523,1.1450448036193848,0.4486966133117676
0,77,1.687662959098816,1.1626718044281006,0.5249911546707153
0,78,1.7906596660614014,1.1901500225067139,0.6005097031593323
0,79,1.561626672744751,1.1605055332183838,0.40112119913101196
0,80,1.6882970333099365,1.143241047859192,0.5450560450553894
0,81,1.6270074844360352,1.2524724006652832,0.37453508377075195
0,82,1.6029226779937744,1.1912786960601807,0.411643922328949
0,83,1.6512832641601562,1.1553081274032593,0.49597519636154175
0,84,1.6051313877105713,1.219699501991272,0.3854319453239441
0,85,1.5007104873657227,1.1477162837982178,0.35299423336982727
0,86,1.5418791770935059,1.1370489597320557,0.4048301875591278
0,87,1.627806305885315,1.2029962539672852,0.4248100817203522
0,88,2.7370262145996094,2.092987537384033,0.6440386176109314
0,89,1.5378167629241943,1.1721324920654297,0.36568427085876465
0,90,1.5630619525909424,1.1518892049789429,0.41117268800735474
0,91,1.53510320186615,1.1485931873321533,0.3865100145339966
0,92,1.6945013999938965,1.1849725246429443,0.5095288753509521
0,93,1.7598121166229248,1.3067436218261719,0.4530685544013977
0,94,1.7873077392578125,1.2048695087432861,0.5824381709098816
0,95,1.6335391998291016,1.1361849308013916,0.49735432863235474
0,96,1.5706572532653809,1.1461081504821777,0.4245491325855255
0,97,1.5600919723510742,1.195652961730957,0.3644389510154724
0,98,1.4816336631774902,1.1389291286468506,0.34270453453063965
0,99,1.566655158996582,1.1558020114898682,0.41085314750671387
0,100,1.6371605396270752,1.1986522674560547,0.4385082423686981
0,101,1.5452638864517212,1.1432563066482544,0.4020075798034668
0,102,1.6037169694900513,1.1519742012023926,0.4517427980899811
0,103,1.9440672397613525,1.2147328853607178,0.72933429479599
0,104,1.7855963706970215,1.2080936431884766,0.5775027275085449
0,105,1.6487423181533813,1.1819002628326416,0.46684202551841736
0,106,1.5559879541397095,1.1438891887664795,0.41209876537323
0,107,1.5573310852050781,1.1910576820373535,0.3662734031677246
0,108,1.5578763484954834,1.1814396381378174,0.3764367401599884
0,109,1.5358606576919556,1.1364127397537231,0.3994479179382324
0,110,1.4586690664291382,1.1609759330749512,0.2976931631565094
0,111,1.4778133630752563,1.1229102611541748,0.35490313172340393
0,112,1.508807897567749,1.1420576572418213,0.36675024032592773
0,113,1.4992440938949585,1.0761058330535889,0.42313826084136963
0,114,1.4717215299606323,1.0786561965942383,0.39306533336639404
0,115,1.470103144645691,1.1245559453964233,0.3455471992492676
0,116,1.5459706783294678,1.1973578929901123,0.34861278533935547
0,117,1.3876243829727173,1.047240138053894,0.34038424491882324
0,118,1.2232682704925537,0.8090020418167114,0.4142662286758423
0,119,1.845198154449463,1.2751132249832153,0.5700849890708923
0,120,1.124309778213501,0.8364057540893555,0.2879040539264679
0,121,1.539078712463379,1.1597894430160522,0.37928932905197144
0,122,1.3738093376159668,1.0547845363616943,0.31902486085891724
0,123,1.4299272298812866,1.0629698038101196,0.3669573962688446
0,124,1.23152494430542,0.9607328772544861,0.27079200744628906
0,125,1.358740210533142,0.9236472249031067,0.4350930154323578
0,126,1.8801968097686768,1.4211022853851318,0.4590945839881897
0,127,1.5180234909057617,1.161271333694458,0.3567521572113037
0,128,1.7484664916992188,1.1445233821868896,0.6039431095123291
0,129,1.6218247413635254,1.1807448863983154,0.44107991456985474
0,130,1.6704726219177246,1.1863460540771484,0.48412656784057617
0,131,1.576448917388916,1.1622374057769775,0.4142114520072937
0,132,1.6626734733581543,1.2364356517791748,0.4262377917766571
0,133,1.6125396490097046,1.1795108318328857,0.43302881717681885
0,134,1.6004681587219238,1.159848690032959,0.44061946868896484
0,135,1.6291346549987793,1.1875461339950562,0.44158846139907837
0,136,1.7027902603149414,1.1577295064926147,0.5450606942176819
0,137,1.5556838512420654,1.2010705471038818,0.3546133041381836
0,138,1.7192609310150146,1.138927698135376,0.5803332328796387
0,139,1.6528089046478271,1.1360132694244385,0.5167956948280334
0,140,1.4777157306671143,1.1541388034820557,0.3235768675804138
0,141,1.5985119342803955,1.1621246337890625,0.4363873600959778
0,142,1.554258942604065,1.142915964126587,0.4113430082798004
0,143,1.5737802982330322,1.2105684280395508,0.3632119297981262
0,144,1.5866726636886597,1.1471028327941895,0.4395698606967926
0,145,1.5039958953857422,1.1519310474395752,0.352064847946167
0,146,1.5560758113861084,1.1444891691207886,0.41158658266067505
0,147,1.5453641414642334,1.1593512296676636,0.3860129117965698
0,148,1.558248519897461,1.1526074409484863,0.4056410789489746
0,149,1.50258469581604,1.166489601135254,0.33609509468078613
0,150,1.5472322702407837,1.155910849571228,0.3913213908672333
0,151,1.6460963487625122,1.1412818431854248,0.5048145055770874
0,152,1.644454002380371,1.167515516281128,0.47693854570388794
0,153,1.5134766101837158,1.1479742527008057,0.36550241708755493
0,154,1.6010558605194092,1.1466586589813232,0.4543972611427307
0,155,1.5591480731964111,1.1478899717330933,0.4112580716609955
0,156,1.5445079803466797,1.1424118280410767,0.4020962119102478
0,157,1.6825807094573975,1.1542294025421143,0.5283512473106384
0,158,1.6432833671569824,1.1673123836517334,0.47597095370292664
0,159,1.4867174625396729,1.1587128639221191,0.3280045986175537
0,160,1.5787451267242432,1.1640734672546387,0.4146716594696045
0,161,1.5757540464401245,1.186811923980713,0.38894209265708923
0,162,1.882284164428711,1.2118513584136963,0.6704328060150146
0,163,1.6243879795074463,1.1671509742736816,0.45723700523376465
0,164,1.8047492504119873,1.217236042022705,0.587513267993927
0,165,1.4052425622940063,1.1373815536499023,0.267861008644104
0,166,1.6199809312820435,1.1348259449005127,0.48515498638153076
0,167,1.5677320957183838,1.2680566310882568,0.29967552423477173
0,168,1.4660438299179077,1.1565093994140625,0.3095344007015228
0,169,1.5690727233886719,1.1466602087020874,0.4224125146865845
0,170,1.790030837059021,1.325405478477478,0.46462538838386536
0,171,1.6072711944580078,1.144413948059082,0.46285727620124817
0,172,1.524172306060791,1.1619420051574707,0.36223024129867554
0,173,1.563081979751587,1.2322382926940918,0.3308437168598175
0,174,1.5345096588134766,1.1520342826843262,0.38247543573379517
0,175,1.5412285327911377,1.1568408012390137,0.384387731552124
0,176,1.6930803060531616,1.260192632675171,0.4328876733779907
0,177,1.5557687282562256,1.1514625549316406,0.40430623292922974
0,178,1.5972741842269897,1.1741575002670288,0.4231167137622833
0,179,1.5404059886932373,1.1481671333312988,0.3922388553619385
0,180,1.622109293937683,1.1660306453704834,0.4560786485671997
0,181,1.615272045135498,1.1561505794525146,0.4591215252876282
0,182,1.7390722036361694,1.1719297170639038,0.5671424865722656
0,183,1.6043503284454346,1.1562459468841553,0.4481043815612793
0,184,1.688933253288269,1.3306832313537598,0.35825005173683167
0,185,1.510824203491211,1.1517274379730225,0.3590967655181885
0,186,1.6414597034454346,1.2163431644439697,0.42511650919914246
0,187,1.5420037508010864,1.1835699081420898,0.3584338426589966
0,188,1.5475077629089355,1.200592041015625,0.34691572189331055
0,189,1.5765753984451294,1.1889582872390747,0.3876171112060547
0,190,1.4913254976272583,1.1475458145141602,0.34377968311309814
0,191,2.217560291290283,1.6336171627044678,0.583943247795105
0,192,1.5742250680923462,1.1582504510879517,0.41597461700439453
0,193,1.5223488807678223,1.1383411884307861,0.38400769233703613
0,194,1.474062204360962,1.129841923713684,0.34422022104263306
0,195,1.6527652740478516,1.1809701919555664,0.47179508209228516
0,196,1.664747714996338,1.143599033355713,0.5211486220359802
0,197,1.750683307647705,1.1630817651748657,0.5876015424728394
0,198,1.5804810523986816,1.1685220003128052,0.4119590222835541
0,199,1.5756852626800537,1.268545389175415,0.3071398138999939
0,200,1.6618140935897827,1.2005889415740967,0.46122512221336365
0,201,1.449914813041687,1.1857355833053589,0.2641792297363281
0,202,1.7512121200561523,1.2846659421920776,0.46654611825942993
0,203,1.7017066478729248,1.211503505706787,0.4902031421661377
0,204,1.630270004272461,1.1715869903564453,0.45868295431137085
0,205,1.6467139720916748,1.155163288116455,0.4915506839752197
0,206,1.5479981899261475,1.151013970375061,0.3969842791557312
0,207,1.5873534679412842,1.171723484992981,0.415630042552948
0,208,1.7060006856918335,1.1573712825775146,0.5486294031143188
0,209,1.6182923316955566,1.1850438117980957,0.43324851989746094
0,210,1.5319809913635254,1.1606345176696777,0.37134644389152527
0,211,1.5934162139892578,1.1587092876434326,0.4347069263458252
0,212,1.5164165496826172,1.1415941715240479,0.37482231855392456
0,213,1.5925734043121338,1.1587588787078857,0.4338145852088928
0,214,1.5851809978485107,1.1363136768341064,0.4488672614097595
0,215,1.4831472635269165,1.132696509361267,0.3504507541656494
0,216,1.443053960800171,1.1626471281051636,0.2804068922996521
0,217,1.5700404644012451,1.1512384414672852,0.4188019633293152
0,218,1.4598159790039062,1.1340038776397705,0.3258121609687805
0,219,1.5419402122497559,1.1541903018951416,0.38774994015693665
0,220,1.5634031295776367,1.169769048690796,0.3936341404914856
0,221,1.4507195949554443,1.1487987041473389,0.3019208312034607
0,222,1.6487075090408325,1.2065566778182983,0.4421508312225342
0,223,1.6743916273117065,1.1373891830444336,0.537002444267273
0,224,1.5515400171279907,1.1649490594863892,0.38659095764160156
0,225,1.529843807220459,1.1376012563705444,0.39224255084991455
0,226,1.5531823635101318,1.1547353267669678,0.39844709634780884
0,227,1.462376356124878,1.1359535455703735,0.326422780752182
0,228,1.4791228771209717,1.128490686416626,0.3506322503089905
0,229,1.6158474683761597,1.1458332538604736,0.47001418471336365
0,230,1.527268409729004,1.152204990386963,0.37506335973739624
0,231,1.4756526947021484,1.2032854557037354,0.27236729860305786
0,232,1.4500789642333984,1.1642053127288818,0.285873681306839
0,233,1.4842414855957031,1.1367480754852295,0.3474934697151184
0,234,1.5088739395141602,1.2107350826263428,0.29813891649246216
0,235,1.547824740409851,1.1462223529815674,0.4016023874282837
0,236,1.4769368171691895,1.1600186824798584,0.3169180750846863
0,237,1.5761109590530396,1.167229413986206,0.4088815450668335
0,238,1.4545232057571411,1.1524763107299805,0.30204689502716064
0,239,1.4928175210952759,1.157907247543335,0.3349102735519409
0,240,1.3826066255569458,1.180612564086914,0.20199407637119293
0,241,1.652435541152954,1.1475625038146973,0.5048730373382568
0,242,1.7517576217651367,1.171243667602539,0.5805139541625977
0,243,1.7074828147888184,1.1541564464569092,0.5533263683319092
0,244,1.397763967514038,1.1419775485992432,0.25578638911247253
0,245,1.7066782712936401,1.1671866178512573,0.5394916534423828
0,246,1.610224723815918,1.202481746673584,0.4077429473400116
0,247,1.5385814905166626,1.132369041442871,0.4062124490737915
0,248,1.5774586200714111,1.142462134361267,0.43499642610549927
0,249,1.450439214706421,1.1404221057891846,0.31001710891723633
0,250,1.5729386806488037,1.1649529933929443,0.40798571705818176
0,251,1.613548994064331,1.1327049732208252,0.48084402084350586
0,252,1.5167953968048096,1.1398701667785645,0.3769252896308899
0,253,1.6321356296539307,1.136685848236084,0.4954497814178467
0,254,1.4519281387329102,1.1171648502349854,0.33476322889328003
0,255,1.5133934020996094,1.131464958190918,0.3819285035133362
0,256,1.9989913702011108,1.6445528268814087,0.35443857312202454
0,257,1.450992226600647,1.1859904527664185,0.2650017738342285
0,258,1.5864084959030151,1.1349347829818726,0.4514736831188202
0,259,1.531468391418457,1.1359033584594727,0.3955650329589844
0,260,1.5712671279907227,1.1412804126739502,0.42998671531677246
0,261,1.587653398513794,1.1463581323623657,0.441295325756073
0,262,1.5747441053390503,1.132722020149231,0.4420221149921417
0,263,1.487662672996521,1.1871862411499023,0.30047640204429626
0,264,1.442090630531311,1.1265571117401123,0.31553348898887634
0,265,1.451276183128357,1.2115910053253174,0.23968513309955597
0,266,1.5753945112228394,1.127962589263916,0.44743192195892334
0,267,1.6519110202789307,1.1788897514343262,0.4730212092399597
0,268,1.6448726654052734,1.1468884944915771,0.4979841113090515
0,269,1.4738041162490845,1.1297271251678467,0.3440769910812378
0,270,1.519213318824768,1.1426265239715576,0.37658676505088806
0,271,1.4224400520324707,1.1310794353485107,0.29136067628860474
0,272,1.715876579284668,1.1683177947998047,0.5475587844848633
0,273,1.4670312404632568,1.1447696685791016,0.32226163148880005
0,274,1.4811595678329468,1.1426022052764893,0.3385573625564575
0,275,1.4585292339324951,1.1295149326324463,0.3290143609046936
0,276,1.4882330894470215,1.1353998184204102,0.3528333306312561
0,277,1.523149013519287,1.1385581493377686,0.3845908045768738
0,278,1.4632916450500488,1.1357053518295288,0.32758623361587524
0,279,1.5902539491653442,1.125849723815918,0.46440422534942627
0,280,1.5640623569488525,1.1352481842041016,0.428814172744751
0,281,1.4916696548461914,1.1243877410888672,0.367281973361969
0,282,1.4648804664611816,1.116757869720459,0.34812259674072266
0,283,1.6780526638031006,1.3152985572814941,0.36275410652160645
0,284,1.5283634662628174,1.1558728218078613,0.37249070405960083
0,285,1.4223328828811646,1.122233510017395,0.30009937286376953
0,286,1.6248127222061157,1.1529102325439453,0.4719024896621704
0,287,1.5563205480575562,1.1705536842346191,0.385766863822937
0,288,1.5476560592651367,1.1369481086730957,0.410707950592041
0,289,1.6524019241333008,1.1584835052490234,0.49391841888427734
0,290,1.479701042175293,1.150084137916565,0.32961684465408325
0,291,1.5896674394607544,1.1387336254119873,0.4509338140487671
0,292,1.974440336227417,1.2545506954193115,0.7198896408081055
0,293,1.5314780473709106,1.136657476425171,0.39482057094573975
0,294,1.526646614074707,1.1557881832122803,0.370858371257782
0,295,1.5267455577850342,1.1282422542572021,0.39850327372550964
0,296,1.6470346450805664,1.200943946838379,0.4460906386375427
0,297,1.5773842334747314,1.1354422569274902,0.4419419765472412
0,298,1.494829535484314,1.1818491220474243,0.31298041343688965
0,299,1.546558141708374,1.1697924137115479,0.37676578760147095
0,300,1.5050814151763916,1.1164170503616333,0.3886643648147583
0,301,1.5356345176696777,1.1218886375427246,0.4137459099292755
0,302,1.6946934461593628,1.3275816440582275,0.36711180210113525
0,303,1.4572467803955078,1.1188944578170776,0.3383522629737854
0,304,1.4371676445007324,1.1135956048965454,0.323572039604187
0,305,1.388787031173706,1.1299456357955933,0.258841335773468
0,306,1.5207901000976562,1.1481279134750366,0.37266212701797485
0,307,1.4418249130249023,1.1986134052276611,0.24321144819259644
0,308,1.5579113960266113,1.1184773445129395,0.4394340515136719
0,309,1.5915672779083252,1.155670166015625,0.4358971118927002
0,310,1.5412311553955078,1.1348519325256348,0.4063792824745178
0,311,1.664917230606079,1.3138554096221924,0.3510618507862091
0,312,1.6621975898742676,1.1302990913391113,0.531898558139801
0,313,1.4264954328536987,1.1271133422851562,0.2993820905685425
0,314,1.5492295026779175,1.1025065183639526,0.44672298431396484
0,315,1.9498134851455688,1.5228520631790161,0.42696142196655273
0,316,1.5813777446746826,1.1471830606460571,0.4341946244239807
0,317,1.669089436531067,1.1569559574127197,0.5121334791183472
0,318,1.489432692527771,1.122847557067871,0.3665851354598999
0,319,1.383805274963379,1.1269301176071167,0.2568751573562622
0,320,1.5357121229171753,1.1765779256820679,0.3591341972351074
0,321,1.6142390966415405,1.1308767795562744,0.4833623170852661
0,322,1.5796796083450317,1.1892881393432617,0.39039146900177
0,323,1.5125411748886108,1.1236298084259033,0.3889113962650299
0,324,1.5469411611557007,1.1197588443756104,0.4271823465824127
0,325,1.7848796844482422,1.207452416419983,0.5774272084236145
0,326,1.4854333400726318,1.13712477684021,0.34830862283706665
0,327,1.5070843696594238,1.1339197158813477,0.3731645941734314
0,328,1.5598652362823486,1.2104496955871582,0.34941554069519043
0,329,1.534180998802185,1.1230902671813965,0.4110907316207886
0,330,1.5914686918258667,1.1289290189743042,0.4625396728515625
0,331,1.5083093643188477,1.1230292320251465,0.38528016209602356
0,332,1.4438450336456299,1.114475131034851,0.3293699026107788
0,333,1.510716438293457,1.1273372173309326,0.3833792209625244
0,334,1.4913251399993896,1.124027967453003,0.3672972321510315
0,335,1.5223851203918457,1.2419312000274658,0.28045395016670227
0,336,1.5507209300994873,1.1114388704299927,0.43928200006484985
0,337,1.5778495073318481,1.1233606338500977,0.4544888734817505
0,338,1.6406354904174805,1.1578710079193115,0.48276448249816895
0,339,1.5765235424041748,1.1630277633666992,0.4134957194328308
0,340,1.3750585317611694,1.12082040309906,0.2542381286621094
0,341,1.49961519241333,1.1468837261199951,0.3527314364910126
0,342,1.3793634176254272,1.0942437648773193,0.2851196527481079
0,343,1.4351952075958252,1.1173176765441895,0.31787747144699097
0,344,1.5300066471099854,1.2229894399642944,0.3070172369480133
0,345,1.4558278322219849,1.135338544845581,0.3204892873764038
0,346,1.5173132419586182,1.112109661102295,0.40520358085632324
0,347,1.6206623315811157,1.1203908920288086,0.5002714395523071
0,348,1.4122216701507568,1.1185133457183838,0.29370829463005066
0,349,1.4654442071914673,1.181115984916687,0.2843282222747803
0,350,1.4270174503326416,1.140498399734497,0.2865190804004669
0,351,1.512846827507019,1.0803405046463013,0.4325063228607178
0,352,1.6547154188156128,1.1869454383850098,0.467769980430603
0,353,1.4068530797958374,1.1292450428009033,0.27760806679725647
0,354,1.5843276977539062,1.1602247953414917,0.42410290241241455
0,355,1.404318928718567,1.1899645328521729,0.21435442566871643
0,356,1.6457574367523193,1.1532764434814453,0.4924810528755188
0,357,1.4919567108154297,1.2225050926208496,0.26945167779922485
0,358,1.4498627185821533,1.1816036701202393,0.2682589888572693
0,359,1.6386871337890625,1.2729188203811646,0.3657682538032532
0,360,1.553952932357788,1.138932228088379,0.41502073407173157
0,361,1.4655654430389404,1.1357718706130981,0.3297936022281647
0,362,1.4752179384231567,1.1520605087280273,0.3231574296951294
0,363,1.4616142511367798,1.1698439121246338,0.291770339012146
0,364,1.504453420639038,1.1683733463287354,0.3360801339149475
0,365,1.7635180950164795,1.2716641426086426,0.49185389280319214
0,366,1.5494937896728516,1.128258228302002,0.4212356209754944
0,367,1.6215159893035889,1.1553082466125488,0.4662078022956848
0,368,1.3671119213104248,1.091397762298584,0.27571409940719604
0,369,1.587155818939209,1.2343459129333496,0.35280996561050415
0,370,1.4990440607070923,1.1430573463439941,0.35598671436309814
0,371,1.528115153312683,1.1673250198364258,0.3607901334762573
0,372,1.5119645595550537,1.1739625930786133,0.33800196647644043
0,373,1.4496209621429443,1.0910117626190186,0.358609139919281
0,374,1.4464980363845825,1.1254429817199707,0.3210550546646118
0,375,1.4904922246932983,1.1416168212890625,0.3488754332065582
0,376,1.9329832792282104,1.4065443277359009,0.5264389514923096
0,377,1.4122686386108398,1.1063313484191895,0.3059373199939728
0,378,1.4804456233978271,1.1079516410827637,0.37249404191970825
0,379,2.135124921798706,1.6466015577316284,0.4885233938694
0,380,1.4740228652954102,1.1252813339233398,0.3487415015697479
0,381,1.9504467248916626,1.3752728700637817,0.5751738548278809
0,382,1.659904956817627,1.239060401916504,0.42084449529647827
0,383,1.5478816032409668,1.1154985427856445,0.43238309025764465
0,384,1.41404128074646,1.0760064125061035,0.33803480863571167
0,385,1.5140762329101562,1.0978658199310303,0.416210412979126
0,386,1.4502897262573242,1.0932037830352783,0.3570859432220459
0,387,1.4554755687713623,1.1236066818237305,0.33186888694763184
0,388,1.529928207397461,1.141226887702942,0.3887013792991638
0,389,1.4344886541366577,1.0789837837219238,0.3555048704147339
0,390,1.6543623208999634,1.1093239784240723,0.5450383424758911
0,391,1.4250943660736084,1.1451983451843262,0.2798960506916046
0,392,1.2983654737472534,1.0789637565612793,0.2194017469882965
0,393,1.6723754405975342,1.1389155387878418,0.5334599614143372
0,394,1.5578076839447021,1.1244633197784424,0.43334442377090454
0,395,1.5998570919036865,1.1216661930084229,0.47819092869758606
0,396,1.6932854652404785,1.2020330429077148,0.49125245213508606
0,397,1.6324957609176636,1.1288889646530151,0.5036067962646484
0,398,1.5280272960662842,1.0693306922912598,0.458696573972702
0,399,1.4268231391906738,1.0801234245300293,0.34669968485832214
0,400,1.3241517543792725,1.0723888874053955,0.25176286697387695
0,401,1.7926766872406006,1.4300607442855835,0.3626159429550171
0,402,1.5943900346755981,1.0780045986175537,0.5163854360580444
0,403,1.7268141508102417,1.1469342708587646,0.579879879951477
0,404,1.5529332160949707,1.13774836063385,0.4151848554611206
0,405,1.5240877866744995,1.0779531002044678,0.44613465666770935
0,406,1.5165454149246216,1.1563255786895752,0.3602198660373688
0,407,1.4253385066986084,1.0366243124008179,0.38871413469314575
0,408,1.4667640924453735,1.0829100608825684,0.3838540315628052
0,409,1.4085726737976074,1.0881428718566895,0.3204297423362732
0,410,1.3332581520080566,1.0018692016601562,0.3313889801502228
0,411,1.4140809774398804,1.0952222347259521,0.31885871291160583
0,412,1.2382662296295166,1.0020743608474731,0.23619186878204346
0,413,1.5282814502716064,1.0766220092773438,0.45165950059890747
0,414,1.3762439489364624,1.0401206016540527,0.33612334728240967
0,415,1.2541640996932983,0.9338655471801758,0.32029852271080017
0,416,1.27616548538208,1.0171856880187988,0.258979856967926
0,417,1.4103336334228516,0.9755935668945312,0.4347401261329651
0,418,1.1184748411178589,0.8614264726638794,0.2570483684539795
0,419,1.3487077951431274,0.9774156808853149,0.3712921440601349
0,420,1.5915887355804443,1.067216396331787,0.5243723392486572
0,421,1.3204811811447144,0.8777779936790466,0.44270315766334534
0,422,1.3941618204116821,0.9087667465209961,0.4853951036930084
0,423,1.264592170715332,0.9087944030761719,0.3557977080345154
0,424,1.4794448614120483,1.0725164413452148,0.4069284200668335
0,425,1.5160679817199707,1.1021851301193237,0.4138827919960022
0,426,1.1924912929534912,0.8678406476974487,0.3246506154537201
0,427,1.4199841022491455,0.9367532730102539,0.4832308292388916
0,428,1.355146884918213,0.8762161135673523,0.4789307415485382
0,429,1.3450877666473389,0.9935664534568787,0.35152125358581543
0,430,1.372908115386963,0.9609555006027222,0.41195255517959595
0,431,1.3861359357833862,0.9332625865936279,0.4528733491897583
0,432,1.4044731855392456,1.0219824314117432,0.38249075412750244
0,433,1.2762476205825806,0.9718972444534302,0.3043503761291504
0,434,1.2518744468688965,0.916226327419281,0.33564817905426025
0,435,1.2569446563720703,0.9465296268463135,0.3104150891304016
0,436,4.052195072174072,1.0338749885559082,3.018320083618164
0,437,1.34126615524292,1.0186796188354492,0.3225865364074707
0,438,1.4689761400222778,0.9888072609901428,0.480168879032135
0,439,1.1814019680023193,0.8450539112091064,0.33634811639785767
0,440,1.1694786548614502,0.7940332889556885,0.37544533610343933
0,441,0.9074896574020386,0.6470564007759094,0.26043325662612915
0,442,0.8644251823425293,0.6030628681182861,0.26136234402656555
0,443,2.124201536178589,1.755171298980713,0.36903029680252075
0,444,1.4691909551620483,1.1682859659194946,0.3009049594402313
0,445,1.7380650043487549,1.2435399293899536,0.4945250153541565
0,446,1.672645092010498,1.2924108505249023,0.3802343010902405
0,447,1.8307217359542847,1.3815454244613647,0.4491763412952423
0,448,1.6869131326675415,1.2685465812683105,0.41836655139923096
0,449,1.7121729850769043,1.2389346361160278,0.4732382893562317
0,450,1.706454873085022,1.1717960834503174,0.5346587896347046
0,451,1.7291324138641357,1.1117819547653198,0.6173504590988159
0,452,1.8953709602355957,1.142214298248291,0.7531567215919495
0,453,1.4656379222869873,1.0596415996551514,0.40599632263183594
0,454,1.730283260345459,1.132228970527649,0.5980542898178101
0,455,1.684321641921997,1.1193026304244995,0.5650189518928528
0,456,1.6668133735656738,1.1252517700195312,0.5415616035461426
0,457,1.6186898946762085,1.1383121013641357,0.48037776350975037
0,458,1.4877715110778809,1.1042782068252563,0.3834933042526245
0,459,1.8570846319198608,1.1648871898651123,0.6921974420547485
0,460,1.5409584045410156,1.1106417179107666,0.43031662702560425
0,461,1.6109601259231567,1.1230201721191406,0.4879399836063385
0,462,1.589084506034851,1.1653332710266113,0.42375123500823975
0,463,1.7680277824401855,1.1436426639556885,0.6243850588798523
0,464,1.510165810585022,1.0936262607574463,0.4165395498275757
0,465,1.7682231664657593,1.243287205696106,0.5249359607696533
0,466,1.7935463190078735,1.138637661933899,0.6549086570739746
0,467,1.3604071140289307,1.05398428440094,0.3064228296279907
0,468,1.6379069089889526,1.1166329383850098,0.5212739706039429
0,469,1.4986019134521484,1.0574299097061157,0.44117194414138794
0,470,1.5617337226867676,1.2041831016540527,0.35755062103271484
0,471,1.5582317113876343,1.1018385887145996,0.4563930928707123
0,472,1.8402631282806396,1.3354315757751465,0.5048316121101379
0,473,1.4202795028686523,1.0372827053070068,0.3829967975616455
0,474,1.527880072593689,1.1544349193572998,0.3734451234340668
0,475,1.6557433605194092,1.1622753143310547,0.4934680759906769
0,476,1.567703366279602,1.1988160610198975,0.368887335062027
0,477,1.7333940267562866,1.2205660343170166,0.51282799243927
0,478,1.5438934564590454,1.0987406969070435,0.44515278935432434
0,479,1.5115232467651367,1.1068370342254639,0.4046861529350281
0,480,1.558432936668396,1.171886920928955,0.3865460157394409
0,481,1.5910038948059082,1.127854585647583,0.4631493389606476
0,482,1.6151095628738403,1.1316548585891724,0.48345473408699036
0,483,1.4012908935546875,1.0931507349014282,0.30814018845558167
0,484,1.7050821781158447,1.1563068628311157,0.5487753748893738
0,485,1.5248924493789673,1.1017738580703735,0.42311859130859375
0,486,1.4867476224899292,1.1285717487335205,0.3581758737564087
0,487,1.50754976272583,1.1157417297363281,0.39180809259414673
0,488,1.4654688835144043,1.0964900255203247,0.36897891759872437
0,489,1.588078260421753,1.1484249830245972,0.43965333700180054
0,490,1.7191710472106934,1.182415246963501,0.5367558598518372
0,491,1.5404224395751953,1.079068660736084,0.4613538384437561
0,492,1.4767980575561523,1.0867228507995605,0.3900752365589142
0,493,1.5830764770507812,1.2128055095672607,0.3702709376811981
0,494,1.5657646656036377,1.1360743045806885,0.4296903610229492
0,495,1.5929601192474365,1.21195387840271,0.38100630044937134
0,496,1.683803915977478,1.2829982042312622,0.4008057415485382
0,497,1.4545997381210327,1.0401920080184937,0.41440773010253906
0,498,1.6607335805892944,1.1865284442901611,0.4742051362991333
0,499,1.6179354190826416,1.1336164474487305,0.48431891202926636
0,500,1.4970712661743164,1.1781609058380127,0.31891030073165894
0,501,1.480647087097168,1.067501187324524,0.41314586997032166
0,502,1.608424186706543,1.1346089839935303,0.47381526231765747
0,503,1.5699377059936523,1.1789767742156982,0.3909608721733093
0,504,1.617951512336731,1.1250697374343872,0.49288174510002136
0,505,1.3020377159118652,1.0140137672424316,0.28802400827407837
0,506,2.3470170497894287,1.566973328590393,0.7800437211990356
0,507,1.747959852218628,1.2033438682556152,0.5446159243583679
0,508,1.4652619361877441,1.102802038192749,0.3624599575996399
0,509,1.6058251857757568,1.1778059005737305,0.428019255399704
0,510,1.5754988193511963,1.0996878147125244,0.4758109450340271
0,511,1.5018188953399658,1.1006603240966797,0.4011586308479309
0,512,1.5576086044311523,1.1625151634216309,0.3950934410095215
0,513,1.53721022605896,1.1377315521240234,0.39947861433029175
0,514,1.4291880130767822,1.0757441520690918,0.35344386100769043
0,515,1.4710233211517334,1.142612099647522,0.3284112811088562
0,516,1.5005104541778564,1.1520659923553467,0.34844452142715454
0,517,1.5336891412734985,1.1054067611694336,0.42828240990638733
0,518,1.6085269451141357,1.1357022523880005,0.47282469272613525
0,519,1.506455421447754,1.1195318698883057,0.38692355155944824
0,520,1.3792037963867188,1.0405852794647217,0.3386184573173523
0,521,1.6734862327575684,1.1954050064086914,0.47808128595352173
0,522,1.4417176246643066,0.9419153332710266,0.4998023509979248
0,523,1.3364222049713135,0.943759024143219,0.3926631808280945
0,524,1.6000645160675049,1.2110416889190674,0.3890228867530823
0,525,1.7443861961364746,1.317306399345398,0.42707982659339905
0,526,3.0573651790618896,2.253915548324585,0.8034496903419495
0,527,2.067902088165283,1.259019374847412,0.8088828325271606
0,528,1.6288368701934814,1.1655340194702148,0.4633028507232666
0,529,1.4275007247924805,1.1680612564086914,0.2594394087791443
0,530,1.9426062107086182,1.417738914489746,0.5248672366142273
0,531,1.5628750324249268,1.1143453121185303,0.4485297203063965
0,532,1.6578422784805298,1.1234002113342285,0.5344420671463013
0,533,1.7148044109344482,1.1663979291915894,0.5484065413475037
0,534,1.520175814628601,1.1355798244476318,0.38459599018096924
0,535,1.5553102493286133,1.1522927284240723,0.4030175805091858
0,536,1.5393246412277222,1.1659314632415771,0.373393177986145
0,537,1.5934513807296753,1.1605160236358643,0.43293535709381104
0,538,1.5334395170211792,1.129738688468933,0.4037008285522461
0,539,1.4495429992675781,1.1505968570709229,0.2989460825920105
0,540,1.681946039199829,1.189249038696289,0.49269694089889526
0,541,1.4940122365951538,1.1440801620483398,0.34993207454681396
0,542,1.4558515548706055,1.1274986267089844,0.3283528685569763
0,543,1.6731644868850708,1.241243839263916,0.4319206476211548
0,544,1.4810280799865723,1.094562292098999,0.38646581768989563
0,545,1.595435380935669,1.1446372270584106,0.4507982134819031
0,546,1.4775536060333252,1.0948052406311035,0.3827483057975769
0,547,1.4876410961151123,1.1130263805389404,0.3746147155761719
0,548,1.5771372318267822,1.1320723295211792,0.4450649619102478
0,549,1.5025280714035034,1.1605746746063232,0.3419533967971802
0,550,1.5788663625717163,1.1278510093688965,0.4510153532028198
0,551,1.441394329071045,1.0825116634368896,0.35888269543647766
0,552,1.401205062866211,1.1151437759399414,0.28606128692626953
0,553,1.6170014142990112,1.1433930397033691,0.4736083745956421
0,554,1.6603673696517944,1.283559799194336,0.3768075704574585
0,555,1.8250222206115723,1.2078614234924316,0.6171607375144958
0,556,1.5989075899124146,1.1387665271759033,0.46014106273651123
0,557,1.5328786373138428,1.1371657848358154,0.3957129120826721
0,558,1.4866752624511719,1.1084203720092773,0.37825489044189453
0,559,1.4401013851165771,1.1556929349899292,0.2844083905220032
0,560,1.5937482118606567,1.2818659543991089,0.31188228726387024
0,561,1.4728820323944092,1.1292048692703247,0.34367719292640686
0,562,1.5124212503433228,1.1181755065917969,0.39424577355384827
0,563,1.6819920539855957,1.153566598892212,0.5284254550933838
0,564,1.5003080368041992,1.1266016960144043,0.3737063407897949
0,565,1.5469175577163696,1.2363402843475342,0.31057727336883545
0,566,1.6420974731445312,1.1766281127929688,0.4654693901538849
0,567,1.4756481647491455,1.0956183671951294,0.3800297975540161
0,568,1.474259853363037,1.114487648010254,0.3597721457481384
0,569,1.5754011869430542,1.1110055446624756,0.4643956422805786
0,570,1.5726706981658936,1.1187472343444824,0.45392346382141113
0,571,1.5230777263641357,1.0675526857376099,0.4555250406265259
0,572,1.5670650005340576,1.1373193264007568,0.4297456443309784
0,573,1.6735986471176147,1.1718153953552246,0.5017832517623901
0,574,1.3533872365951538,1.0907646417617798,0.26262256503105164
0,575,1.765634298324585,1.4428331851959229,0.3228011429309845
0,576,1.5196502208709717,1.0803513526916504,0.4392988085746765
0,577,1.5992473363876343,1.1151797771453857,0.48406755924224854
0,578,1.5826823711395264,1.0976523160934448,0.4850301146507263
0,579,1.5126678943634033,1.073980689048767,0.438687264919281
0,580,1.4514176845550537,1.159517765045166,0.2918999493122101
0,581,1.6183141469955444,1.2252545356750488,0.3930595815181732
0,582,1.5304937362670898,1.1183234453201294,0.41217029094696045
0,583,1.4780577421188354,1.096105933189392,0.38195180892944336
0,584,1.4901618957519531,1.1985745429992676,0.29158735275268555
0,585,1.4637203216552734,1.0964852571487427,0.367235004901886
0,586,1.5449132919311523,1.1152653694152832,0.42964795231819153
0,587,1.4161726236343384,1.093889594078064,0.3222830593585968
0,588,1.3177406787872314,1.0444762706756592,0.27326443791389465
0,589,1.6082370281219482,1.1573574542999268,0.4508795142173767
0,590,1.505861520767212,1.2549004554748535,0.2509610056877136
0,591,1.5766315460205078,1.1560354232788086,0.420596182346344
0,592,1.6518769264221191,1.1297788619995117,0.5220980644226074
0,593,1.7879252433776855,1.135622501373291,0.6523026823997498
0,594,1.4869825839996338,1.1166110038757324,0.3703715205192566
0,595,1.7440485954284668,1.275406002998352,0.46864259243011475
0,596,1.4681888818740845,1.1844801902770996,0.2837086617946625
0,597,1.5783647298812866,1.0608117580413818,0.5175529718399048
0,598,2.230776071548462,1.4217860698699951,0.8089900016784668
0,599,1.5739145278930664,1.1334766149520874,0.4404379725456238
0,600,1.4604324102401733,1.0486953258514404,0.4117370843887329
0,601,1.5641608238220215,1.1529483795166016,0.4112125039100647
0,602,1.5108911991119385,1.148571491241455,0.3623197078704834
0,603,1.4701870679855347,1.1147682666778564,0.3554188013076782
0,604,1.3852094411849976,1.1209242343902588,0.26428520679473877
0,605,1.3100647926330566,1.0310578346252441,0.2790068984031677
0,606,1.485909104347229,1.1099179983139038,0.3759911358356476
0,607,1.355539321899414,1.0677661895751953,0.28777313232421875
0,608,1.609118938446045,1.1287598609924316,0.4803590774536133
0,609,1.6968321800231934,1.1280903816223145,0.5687417387962341
0,610,1.5409178733825684,1.1395984888076782,0.4013194441795349
0,611,1.698390007019043,1.101414680480957,0.5969753861427307
0,612,1.398853063583374,1.076120138168335,0.32273292541503906
0,613,1.363204002380371,1.0607389211654663,0.3024650812149048
0,614,1.745564579963684,1.2954449653625488,0.45011961460113525
0,615,1.5835282802581787,1.0888254642486572,0.4947028160095215
0,616,1.5151220560073853,1.082457423210144,0.4326646029949188
0,617,1.4775300025939941,1.1279079914093018,0.3496220111846924
0,618,1.6453032493591309,1.1709468364715576,0.47435641288757324
0,619,1.685239315032959,1.2084169387817383,0.4768223166465759
0,620,1.600722312927246,1.2091362476348877,0.3915860950946808
0,621,1.4090633392333984,1.066575527191162,0.3424878716468811
0,622,1.3415472507476807,1.1130380630493164,0.22850924730300903
0,623,1.7351800203323364,1.1687061786651611,0.5664738416671753
0,624,1.6097424030303955,1.0923094749450684,0.5174329280853271
0,625,1.4680352210998535,1.0849971771240234,0.38303810358047485
0,626,1.5051136016845703,1.1190671920776367,0.3860464096069336
0,627,1.408612847328186,1.1366478204727173,0.27196505665779114
0,628,1.4812595844268799,1.072206974029541,0.4090525507926941
0,629,1.5132337808609009,1.1177937984466553,0.3954399824142456
0,630,1.4301022291183472,1.0173861980438232,0.4127160608768463
0,631,1.6586318016052246,1.129624605178833,0.5290071368217468
0,632,1.4380313158035278,1.0332037210464478,0.4048275649547577
0,633,1.3754533529281616,1.0198848247528076,0.3555685579776764
0,634,1.649356484413147,1.1607431173324585,0.4886133670806885
0,635,1.4838465452194214,1.1019260883331299,0.3819204270839691
0,636,1.4281914234161377,1.0260744094848633,0.4021170735359192
0,637,1.5337567329406738,1.1205110549926758,0.41324567794799805
0,638,1.5106592178344727,1.131425380706787,0.37923383712768555
0,639,1.3110519647598267,0.9838368892669678,0.3272151052951813
0,640,1.6258848905563354,1.1078448295593262,0.5180400609970093
0,641,1.8113439083099365,1.2731144428253174,0.5382295250892639
0,642,1.5188305377960205,1.1123379468917847,0.40649256110191345
0,643,1.5978264808654785,1.11965811252594,0.4781683385372162
0,644,1.3459255695343018,1.0376023054122925,0.30832332372665405
0,645,1.4784317016601562,1.1009951829910278,0.3774365782737732
0,646,1.4809744358062744,1.0534107685089111,0.4275636672973633
0,647,1.7274352312088013,1.1675951480865479,0.5598400831222534
0,648,1.4675559997558594,1.1092584133148193,0.35829755663871765
0,649,1.4245352745056152,1.0377964973449707,0.3867388367652893
0,650,1.574674129486084,1.2234508991241455,0.35122326016426086
0,651,1.3678793907165527,1.0343700647354126,0.33350926637649536
0,652,1.5267642736434937,1.1376829147338867,0.38908135890960693
0,653,1.4670202732086182,1.0873920917510986,0.3796282410621643
0,654,1.4723849296569824,1.093055248260498,0.3793296813964844
0,655,1.324532151222229,1.0205302238464355,0.30400192737579346
0,656,1.2152619361877441,0.9010419845581055,0.31422001123428345
0,657,1.408861517906189,1.0275408029556274,0.3813207149505615
0,658,1.4186841249465942,1.077509880065918,0.34117424488067627
0,659,1.3951750993728638,1.07291579246521,0.3222593069076538
0,660,1.1627707481384277,0.9050307273864746,0.2577400207519531
0,661,1.2659251689910889,0.9316672086715698,0.3342580199241638
0,662,1.1849873065948486,0.9467348456382751,0.2382524609565735
0,663,1.3084750175476074,0.995737612247467,0.312737375497818
0,664,1.3699787855148315,1.0494585037231445,0.320520281791687
0,665,1.9540687799453735,1.3450555801391602,0.6090131998062134
0,666,1.5110023021697998,1.114374041557312,0.3966282606124878
0,667,1.327833890914917,1.0690665245056152,0.258767306804657
0,668,1.449669361114502,1.096465826034546,0.35320353507995605
0,669,1.4045490026474,1.0983858108520508,0.3061631917953491
0,670,1.6189006567001343,1.310807466506958,0.3080931603908539
0,671,1.439462423324585,1.0901777744293213,0.3492846190929413
0,672,1.4193912744522095,0.9709434509277344,0.4484478235244751
0,673,1.5764682292938232,1.099015235900879,0.47745293378829956
0,674,1.4418790340423584,1.1358939409255981,0.30598515272140503
0,675,1.7867906093597412,1.160326361656189,0.6264642477035522
0,676,1.2838095426559448,1.0605576038360596,0.22325195372104645
0,677,1.3096234798431396,0.9624754190444946,0.3471481204032898
0,678,1.6336474418640137,1.2846938371658325,0.3489535450935364
0,679,1.6102278232574463,1.1027758121490479,0.5074520707130432
0,680,1.47822904586792,1.0202866792678833,0.45794230699539185
0,681,1.5375972986221313,1.068946123123169,0.4686511754989624
0,682,1.4830632209777832,1.05836820602417,0.42469507455825806
0,683,1.4316375255584717,1.1351587772369385,0.2964787483215332
0,684,1.3020668029785156,0.913701057434082,0.3883657455444336
0,685,1.7381151914596558,1.3390507698059082,0.39906442165374756
0,686,1.2124457359313965,0.9472817182540894,0.26516398787498474
0,687,1.4370173215866089,1.0712535381317139,0.365763783454895
0,688,1.5069620609283447,1.119869589805603,0.3870925307273865
0,689,1.4396108388900757,1.0680614709854126,0.3715493381023407
0,690,1.5908008813858032,1.2057535648345947,0.3850473165512085
0,691,1.4436906576156616,1.1123069524765015,0.33138373494148254
0,692,1.4930038452148438,1.085991382598877,0.4070125222206116
0,693,1.481210708618164,1.08943772315979,0.3917730152606964
0,694,1.4977089166641235,1.181680679321289,0.3160282075405121
0,695,1.510908603668213,1.0387307405471802,0.4721778631210327
0,696,1.3671661615371704,0.9464219808578491,0.4207441806793213
0,697,1.3689237833023071,0.9861139059066772,0.3828098773956299
0,698,1.2284564971923828,0.8810001015663147,0.3474563956260681
0,699,1.4951198101043701,1.0558751821517944,0.4392445981502533
0,700,1.4499263763427734,1.1226725578308105,0.3272537589073181
0,701,1.5201343297958374,1.1717772483825684,0.34835708141326904
0,702,1.6257951259613037,1.106297492980957,0.5194976925849915
0,703,1.31911039352417,0.9088926315307617,0.4102177917957306
0,704,1.4933445453643799,0.9543443918228149,0.5390001535415649
0,705,1.543081521987915,1.121225357055664,0.42185622453689575
0,706,1.4999332427978516,1.1511400938034058,0.3487931787967682
0,707,1.3844140768051147,1.040484070777893,0.3439300060272217
0,708,1.3813605308532715,0.995937168598175,0.38542330265045166
0,709,1.5251911878585815,1.0935492515563965,0.43164193630218506
0,710,1.6061255931854248,1.1276838779449463,0.4784417450428009
0,711,1.7518362998962402,1.1307430267333984,0.6210932731628418
0,712,1.5507779121398926,1.1186586618423462,0.4321191906929016
0,713,1.2307463884353638,0.9234234094619751,0.30732300877571106
0,714,1.308642029762268,1.0070198774337769,0.3016221523284912
0,715,1.202457070350647,0.8778144121170044,0.3246426582336426
0,716,1.2812525033950806,1.0384005308151245,0.24285197257995605
0,717,1.625185251235962,1.0420104265213013,0.5831748247146606
0,718,1.1550533771514893,0.7538325786590576,0.4012208580970764
0,719,1.4920415878295898,1.0694098472595215,0.42263174057006836
0,720,1.1470098495483398,0.8585137128829956,0.28849610686302185
0,721,1.4202654361724854,1.103969693183899,0.31629571318626404
0,722,1.494596242904663,1.0262937545776367,0.46830254793167114
0,723,1.4272247552871704,1.027781367301941,0.3994433581829071
0,724,1.4145419597625732,1.0541547536849976,0.36038723587989807
0,725,1.187577486038208,0.8537626266479492,0.3338148593902588
0,726,1.4235448837280273,0.9735696315765381,0.44997525215148926
0,727,1.4284682273864746,0.9500977993011475,0.47837039828300476
0,728,1.5267044305801392,1.0857656002044678,0.4409388303756714
0,729,1.4338123798370361,1.0413768291473389,0.39243555068969727
0,730,1.5236811637878418,1.145850658416748,0.37783050537109375
0,731,1.4572415351867676,1.0723822116851807,0.3848592936992645
0,732,1.216526746749878,0.8502315282821655,0.36629518866539
0,733,1.2335586547851562,0.9152556657791138,0.3183029294013977
0,734,1.1987186670303345,0.8784533143043518,0.32026535272598267
0,735,1.218313455581665,0.9023011922836304,0.3160122036933899
0,736,1.2775503396987915,0.9352585077285767,0.34229183197021484
0,737,1.3979544639587402,0.987276554107666,0.41067788004875183
0,738,1.360349178314209,0.9192270040512085,0.4411221742630005
0,739,1.342482089996338,0.9642422199249268,0.37823987007141113
0,740,1.2772939205169678,0.8892178535461426,0.3880760967731476
0,741,1.1871477365493774,0.9421371221542358,0.2450105845928192
0,742,1.2376691102981567,0.8726836442947388,0.3649854362010956
0,743,1.2943527698516846,0.8871423006057739,0.4072105288505554
0,744,1.3834199905395508,0.9496656656265259,0.4337542951107025
0,745,1.4213398694992065,1.0619240999221802,0.359415739774704
0,746,1.3938894271850586,0.9086935520172119,0.48519593477249146
0,747,1.4925287961959839,0.9478752613067627,0.5446535348892212
0,748,0.9852644205093384,0.6773598194122314,0.3079046308994293
0,749,1.1715526580810547,0.8547583222389221,0.3167942762374878
0,750,1.3677109479904175,0.990019679069519,0.37769123911857605
0,751,1.1976635456085205,0.8578091263771057,0.3398544192314148
0,752,1.7803250551223755,1.1423742771148682,0.6379507780075073
0,753,1.2871297597885132,0.9077364802360535,0.37939324975013733
0,754,1.3105041980743408,0.9493783116340637,0.3611259460449219
0,755,1.0857837200164795,0.7303328514099121,0.35545089840888977
0,756,0.9882232546806335,0.657615065574646,0.33060818910598755
0,757,1.413776159286499,1.0454012155532837,0.36837491393089294
0,758,1.4806543588638306,0.9373199939727783,0.5433343648910522
0,759,1.3308509588241577,0.8906738758087158,0.4401771128177643
0,760,1.7647662162780762,1.1837692260742188,0.5809969305992126
0,761,1.2566825151443481,0.7973947525024414,0.4592877924442291
0,762,0.9865148067474365,0.5133631229400635,0.47315168380737305
0,763,1.519689917564392,1.0675575733184814,0.45213234424591064
0,764,0.8158382177352905,0.585455596446991,0.23038259148597717
0,765,1.2687453031539917,0.9153558015823364,0.3533895015716553
0,766,1.158052682876587,0.8612560629844666,0.296796590089798
0,767,1.2215297222137451,0.8600189089775085,0.3615107536315918
0,768,1.65494704246521,1.1461468935012817,0.5088001489639282
0,769,1.2081786394119263,0.7872509956359863,0.42092764377593994
0,770,0.801268458366394,0.5349560976028442,0.2663123607635498
0,771,0.8960728645324707,0.5066748857498169,0.3893979787826538
0,772,1.4173688888549805,1.0034635066986084,0.4139053225517273
0,773,0.9928399920463562,0.6416649222373962,0.35117506980895996
0,774,1.189160704612732,0.8531190156936646,0.3360416889190674
0,775,1.1035382747650146,0.7997686266899109,0.30376964807510376
0,776,0.9618146419525146,0.666456401348114,0.29535824060440063
0,777,1.1949821710586548,0.7634919881820679,0.4314901828765869
0,778,1.0320062637329102,0.6510661244392395,0.3809400796890259
0,779,1.0568320751190186,0.5962527990341187,0.4605793356895447
0,780,1.0450489521026611,0.7188061475753784,0.3262428045272827
0,781,0.951824426651001,0.5499202013015747,0.4019041955471039
0,782,0.8810114860534668,0.5968496799468994,0.2841618061065674
0,783,0.9654288291931152,0.5617921352386475,0.4036366939544678
0,784,1.6582388877868652,1.3005268573760986,0.3577119708061218
0,785,1.1985700130462646,0.7790958881378174,0.4194740653038025
0,786,1.300286889076233,0.8150533437728882,0.4852335751056671
0,787,1.2307300567626953,0.8375753164291382,0.3931547701358795
0,788,1.4375948905944824,1.0035452842712402,0.4340496063232422
0,789,1.0996264219284058,0.6059280633926392,0.4936983585357666
0,790,0.9377886652946472,0.6238023042678833,0.3139863610267639
0,791,1.399156093597412,0.8224787712097168,0.5766772627830505
0,792,1.1566675901412964,0.6780463457107544,0.478621244430542
0,793,1.0356760025024414,0.660772442817688,0.3749036192893982
0,794,0.9491762518882751,0.6438116431236267,0.30536460876464844
0,795,1.2114753723144531,0.8259168863296509,0.385558545589447
0,796,0.9255791306495667,0.5982616543769836,0.327317476272583
0,797,1.424031376838684,1.000886082649231,0.4231452941894531
0,798,1.0178931951522827,0.638779878616333,0.3791133165359497
0,799,1.6218316555023193,1.1305484771728516,0.4912831783294678
0,800,0.8775237798690796,0.5489252209663391,0.3285985589027405
0,801,1.275267243385315,0.8266273736953735,0.448639839887619
0,802,1.1063337326049805,0.7950639724731445,0.3112698197364807
0,803,1.0014081001281738,0.6966512799263,0.30475687980651855
0,804,1.2001303434371948,0.7870409488677979,0.4130893647670746
0,805,1.050041675567627,0.6880236864089966,0.36201798915863037
0,806,1.1511709690093994,0.7134427428245544,0.43772822618484497
0,807,0.7571983933448792,0.38266366720199585,0.3745347261428833
0,808,1.2588250637054443,0.8501232862472534,0.4087017774581909
0,809,1.2380924224853516,0.8359202146530151,0.4021722078323364
0,810,0.969508707523346,0.535433828830719,0.43407487869262695
0,811,0.9357465505599976,0.5738747715950012,0.36187177896499634
0,812,1.1634303331375122,0.720167875289917,0.4432624578475952
0,813,1.2690186500549316,0.8970915079116821,0.3719271421432495
0,814,1.605699896812439,1.120490550994873,0.4852093458175659
0,815,1.0766195058822632,0.6821956634521484,0.39442387223243713
0,816,1.0236681699752808,0.6114258766174316,0.4122422933578491
0,817,1.106211543083191,0.7476254105567932,0.3585861027240753
0,818,1.0687229633331299,0.691165030002594,0.3775579333305359
0,819,0.668825626373291,0.3665909767150879,0.3022346496582031
0,820,0.8659602999687195,0.5355538725852966,0.33040642738342285
0,821,1.384551763534546,0.9129916429519653,0.47156012058258057
0,822,1.045554280281067,0.6071501970291138,0.4384040832519531
0,823,1.1256439685821533,0.69883793592453,0.4268060326576233
0,824,1.075016975402832,0.7423475384712219,0.3326694071292877
0,825,1.0946156978607178,0.7038928270339966,0.3907228112220764
0,826,1.4089607000350952,0.9233027696609497,0.4856579005718231
0,827,1.0665068626403809,0.7018778324127197,0.3646290600299835
0,828,0.8817306756973267,0.5847792029380798,0.2969514727592468
0,829,1.2144793272018433,0.9118571877479553,0.30262210965156555
0,830,1.1576664447784424,0.7761910557746887,0.38147544860839844
0,831,0.8140915632247925,0.5418088436126709,0.27228274941444397
0,832,0.9501848220825195,0.6926882863044739,0.25749650597572327
0,833,0.9707376956939697,0.6447294354438782,0.32600826025009155
0,834,2.6837685108184814,2.258746385574341,0.4250222146511078
0,835,1.7111250162124634,1.2355728149414062,0.47555217146873474
0,836,1.6872562170028687,1.19195556640625,0.49530062079429626
0,837,1.6175205707550049,1.0977509021759033,0.5197696089744568
0,838,2.0167148113250732,1.5196524858474731,0.4970622658729553
0,839,1.660440444946289,1.2518366575241089,0.4086037278175354
0,840,1.995305061340332,1.3205289840698242,0.6747760772705078
0,841,2.5790247917175293,1.6934311389923096,0.8855935335159302
0,842,2.0423426628112793,1.441237449645996,0.6011050939559937
0,843,1.87619948387146,1.3080867528915405,0.5681127905845642
0,844,1.5920863151550293,1.2010833024978638,0.39100295305252075
0,845,1.7910449504852295,1.197911262512207,0.5931336879730225
0,846,1.6014872789382935,1.0839650630950928,0.5175222158432007
0,847,1.6091036796569824,1.078270673751831,0.5308329463005066
0,848,1.5995526313781738,1.1183024644851685,0.481250137090683
0,849,1.7235934734344482,1.1824758052825928,0.5411177277565002
0,850,1.8395612239837646,1.1575994491577148,0.681961715221405
0,851,1.7772107124328613,1.1404774188995361,0.63673335313797
0,852,1.5449540615081787,1.1244162321090698,0.4205377995967865
0,853,1.7918814420700073,1.2522473335266113,0.539634108543396
0,854,1.6151576042175293,1.0775644779205322,0.5375930666923523
0,855,1.5531190633773804,1.0919368267059326,0.46118223667144775
0,856,1.6429085731506348,1.2702932357788086,0.37261539697647095
0,857,1.525909185409546,1.1005051136016846,0.42540401220321655
0,858,1.608537197113037,1.125148057937622,0.4833891987800598
0,859,1.7616851329803467,1.2681913375854492,0.49349379539489746
0,860,1.5035160779953003,1.111397624015808,0.3921184539794922
0,861,2.015314817428589,1.2264596223831177,0.7888551354408264
0,862,1.6854767799377441,1.1895105838775635,0.4959661364555359
0,863,1.4820178747177124,1.110337734222412,0.3716801404953003
0,864,1.6542062759399414,1.1185626983642578,0.5356435775756836
0,865,1.9846274852752686,1.1778502464294434,0.8067772388458252
0,866,1.41311514377594,1.1097934246063232,0.3033217489719391
0,867,1.6493464708328247,1.1327767372131348,0.5165697336196899
0,868,1.719682216644287,1.1750870943069458,0.5445950627326965
0,869,1.4201842546463013,1.0920755863189697,0.32810866832733154
0,870,1.5942562818527222,1.167726993560791,0.42652928829193115
0,871,1.8094992637634277,1.0912283658981323,0.7182708978652954
0,872,1.7623261213302612,1.3300429582595825,0.4322831928730011
0,873,1.5359407663345337,1.0387382507324219,0.4972025156021118
0,874,1.4784374237060547,1.0632343292236328,0.4152030944824219
0,875,1.3493306636810303,1.037393569946289,0.3119370937347412
0,876,1.5012812614440918,1.0774710178375244,0.42381030321121216
0,877,1.3786520957946777,0.9831631183624268,0.3954889476299286
0,878,1.3631882667541504,0.9809037446975708,0.3822845220565796
0,879,1.9363162517547607,1.6392996311187744,0.29701662063598633
0,880,1.2907435894012451,0.961688220500946,0.32905542850494385
0,881,1.4909188747406006,1.1418730020523071,0.3490458130836487
0,882,1.3292680978775024,1.0191683769226074,0.3100997507572174
0,883,1.4016435146331787,1.025438666343689,0.3762049078941345
0,884,1.4758589267730713,1.0091798305511475,0.46667909622192383
0,885,1.508484959602356,0.9942969083786011,0.5141880512237549
0,886,1.3612635135650635,0.9634641408920288,0.39779937267303467
0,887,1.2878096103668213,0.9784530401229858,0.30935657024383545
0,888,1.2743102312088013,0.990918755531311,0.28339147567749023
0,889,1.3819959163665771,1.0175062417984009,0.36448973417282104
0,890,1.253387689590454,0.973019003868103,0.2803686261177063
0,891,1.245077133178711,0.9362630248069763,0.3088141679763794
0,892,1.3328781127929688,0.9738509654998779,0.3590272068977356
0,893,1.4851776361465454,0.9642711877822876,0.5209064483642578
0,894,1.3691186904907227,0.9482375383377075,0.42088109254837036
0,895,1.2696304321289062,0.9313251376152039,0.3383052945137024
0,896,1.5440565347671509,1.008169412612915,0.5358871221542358
0,897,1.540292739868164,0.9805999994277954,0.5596928000450134
0,898,1.362856388092041,0.8915964961051941,0.47125983238220215
0,899,1.4266349077224731,0.9640161991119385,0.4626186788082123
0,900,1.7117419242858887,1.2509821653366089,0.4607597589492798
0,901,1.329754114151001,0.9181026220321655,0.4116515517234802
0,902,1.265277624130249,0.9973670244216919,0.2679106295108795
0,903,1.434514045715332,1.0294535160064697,0.4050605297088623
0,904,1.2274410724639893,0.9157528281211853,0.3116881847381592
0,905,1.4743318557739258,1.0297328233718872,0.4445989727973938
0,906,1.4420679807662964,1.07223379611969,0.36983415484428406
0,907,1.4481581449508667,1.0845235586166382,0.3636345863342285
0,908,1.2303436994552612,0.89168381690979,0.3386599123477936
0,909,1.63937246799469,1.2697715759277344,0.36960092186927795
0,910,1.2479557991027832,0.9129338264465332,0.3350220322608948
0,911,1.3282667398452759,0.8917678594589233,0.43649888038635254
0,912,1.2254579067230225,0.89547199010849,0.3299858868122101
0,913,1.1629397869110107,0.7831214666366577,0.37981826066970825
0,914,1.3015296459197998,0.8799270987510681,0.42160260677337646
0,915,1.2665023803710938,0.8873304128646851,0.37917202711105347
0,916,1.165008783340454,0.8583446145057678,0.30666419863700867
0,917,1.1625189781188965,0.8676283359527588,0.2948905825614929
0,918,1.199223279953003,0.8361002206802368,0.36312299966812134
0,919,1.152927041053772,0.8605795502662659,0.2923474907875061
0,920,1.2810691595077515,0.8774744272232056,0.4035947322845459
0,921,1.2094454765319824,0.8430808782577515,0.36636459827423096
0,922,1.1348633766174316,0.7468987703323364,0.38796466588974
0,923,1.34122896194458,0.8887417316436768,0.45248717069625854
0,924,1.4313695430755615,0.9223909974098206,0.5089784860610962
0,925,1.174201250076294,0.8640166521072388,0.3101845979690552
0,926,1.1943700313568115,0.7839162349700928,0.4104538559913635
0,927,1.2550086975097656,0.8095890283584595,0.44541966915130615
0,928,1.0815552473068237,0.7631762027740479,0.31837907433509827
0,929,1.055065393447876,0.6939069032669067,0.361158549785614
0,930,1.0796630382537842,0.7527765035629272,0.3268865942955017
0,931,1.555682897567749,1.089953899383545,0.4657289385795593
0,932,1.1890912055969238,0.8158438801765442,0.373247355222702
0,933,1.1194896697998047,0.7464670538902283,0.37302255630493164
0,934,1.2324641942977905,0.8824042081832886,0.35005995631217957
0,935,1.1416832208633423,0.8031277060508728,0.3385555148124695
0,936,1.076768398284912,0.7947094440460205,0.2820588946342468
0,937,1.1014618873596191,0.8128771781921387,0.28858473896980286
0,938,1.195456624031067,0.8366498947143555,0.35880669951438904
0,939,1.0336570739746094,0.728348970413208,0.3053080439567566
0,940,1.3086493015289307,0.8661208152770996,0.44252848625183105
0,941,0.8210886716842651,0.5325040817260742,0.28858456015586853
0,942,0.9471362829208374,0.7007543444633484,0.24638190865516663
0,943,1.1471712589263916,0.7525861263275146,0.39458513259887695
0,944,1.028620719909668,0.7147986888885498,0.31382209062576294
0,945,1.5509653091430664,0.7656878232955933,0.7852774858474731
0,946,1.183156967163086,0.7374778389930725,0.44567906856536865
0,947,1.0659451484680176,0.7185463905334473,0.3473987579345703
0,948,1.0699498653411865,0.6716064214706421,0.39834338426589966
0,949,1.1321606636047363,0.6129368543624878,0.5192238688468933
0,950,1.1966699361801147,0.7756905555725098,0.420979380607605
0,951,1.2749978303909302,0.7446948289871216,0.5303030014038086
0,952,0.8598215579986572,0.553095817565918,0.30672574043273926
0,953,1.617234706878662,1.183866262435913,0.433368444442749
0,954,0.9496741890907288,0.7092108130455017,0.24046339094638824
0,955,2.3489420413970947,1.5108258724212646,0.8381162285804749
0,956,1.3661454916000366,1.0834870338439941,0.2826584279537201
0,957,1.5870046615600586,1.1646126508712769,0.42239201068878174
0,958,1.8781678676605225,1.3466209173202515,0.531546950340271
0,959,1.5038813352584839,1.1710569858551025,0.33282434940338135
0,960,1.3605413436889648,0.9526825547218323,0.40785878896713257
0,961,1.2167911529541016,0.795409083366394,0.4213821291923523
0,962,1.5095891952514648,1.1120574474334717,0.39753174781799316
0,963,1.3634814023971558,0.8165876865386963,0.5468937158584595
0,964,1.286692500114441,0.8524872064590454,0.4342052638530731
0,965,1.1198277473449707,0.8131406307220459,0.3066871166229248
0,966,1.2001914978027344,0.7814978957176208,0.4186936318874359
0,967,0.9754377603530884,0.6856330037117004,0.28980472683906555
0,968,1.1372772455215454,0.7489078640937805,0.3883693814277649
0,969,1.0234897136688232,0.646855354309082,0.3766343593597412
0,970,1.2137229442596436,0.8091443777084351,0.4045785665512085
0,971,1.195380687713623,0.7104851603507996,0.48489558696746826
0,972,1.255053162574768,0.7378288507461548,0.5172243118286133
0,973,0.9672527313232422,0.6121435165405273,0.35510924458503723
0,974,1.2744159698486328,0.7623529434204102,0.5120630264282227
0,975,1.202934980392456,0.7546194791793823,0.44831550121307373
0,976,0.9232683181762695,0.6211298704147339,0.30213844776153564
0,977,1.187692642211914,0.728794515132904,0.45889806747436523
0,978,1.046644687652588,0.7319911122322083,0.31465354561805725
0,979,1.2801342010498047,0.8321050405502319,0.44802916049957275
0,980,0.9615244269371033,0.6963366866111755,0.26518774032592773
0,981,1.1994640827178955,0.9138386249542236,0.2856254577636719
0,982,1.058550477027893,0.6979706287384033,0.36057981848716736
0,983,1.2421917915344238,0.6912011504173279,0.5509907007217407
0,984,0.7296111583709717,0.4456140398979187,0.2839970886707306
0,985,1.1364073753356934,0.7934712171554565,0.34293612837791443
0,986,0.9919630885124207,0.6504974961280823,0.3414655923843384
0,987,1.3701251745224,0.928412675857544,0.44171249866485596
0,988,1.150843858718872,0.7509483098983765,0.399895578622818
0,989,1.011704683303833,0.6370549201965332,0.3746498227119446
0,990,1.2495070695877075,0.9617689847946167,0.2877381145954132
0,991,1.0273104906082153,0.6561164259910583,0.371194064617157
0,992,0.9119027853012085,0.622244656085968,0.2896581292152405
0,993,0.6936465501785278,0.42334994673728943,0.2702966034412384
0,994,1.2145867347717285,0.8574504852294922,0.3571362793445587
0,995,1.561401128768921,1.0961101055145264,0.46529096364974976
0,996,1.3568141460418701,0.9945201873779297,0.3622940182685852
0,997,1.2391140460968018,0.8744410872459412,0.36467301845550537
0,998,1.1798746585845947,0.7728556990623474,0.4070189595222473
0,999,1.0639365911483765,0.7646706104278564,0.29926595091819763
0,1000,1.1999963521957397,0.8286266922950745,0.3713696599006653
0,1001,1.1279020309448242,0.6532683372497559,0.47463375329971313
0,1002,0.9869502186775208,0.6707663536071777,0.316183865070343
0,1003,1.0207245349884033,0.63805091381073,0.38267362117767334
0,1004,1.4449833631515503,0.9760919809341431,0.46889135241508484
0,1005,1.25968337059021,0.7999987006187439,0.4596846103668213
0,1006,0.9219608902931213,0.6140633821487427,0.30789750814437866
0,1007,0.9665291905403137,0.5951287746429443,0.3714004158973694
0,1008,1.118269443511963,0.7025071382522583,0.4157622456550598
0,1009,1.1021370887756348,0.7089191675186157,0.39321789145469666
0,1010,0.8239920139312744,0.5781915187835693,0.24580049514770508
0,1011,0.9762633442878723,0.6471823453903198,0.3290809988975525
0,1012,1.2539722919464111,0.8298903703689575,0.42408186197280884
0,1013,1.1027274131774902,0.6029464602470398,0.4997810125350952
0,1014,0.984470009803772,0.627606987953186,0.35686302185058594
0,1015,0.9338966608047485,0.6135814189910889,0.32031524181365967
0,1016,1.1868833303451538,0.747042715549469,0.4398406147956848
0,1017,1.2283453941345215,0.9450622797012329,0.28328317403793335
0,1018,0.9331437349319458,0.537455677986145,0.39568808674812317
0,1019,1.097870111465454,0.6220598220825195,0.4758102297782898
0,1020,0.8734414577484131,0.5199805498123169,0.3534608781337738
0,1021,1.0136618614196777,0.667179524898529,0.3464823067188263
0,1022,0.8851463198661804,0.5491926670074463,0.33595365285873413
0,1023,0.9088174104690552,0.5838817954063416,0.3249356150627136
0,1024,1.1922255754470825,0.8354895710945129,0.3567359745502472
0,1025,0.7939735054969788,0.4557514190673828,0.33822208642959595
0,1026,1.1366147994995117,0.6221404075622559,0.5144743323326111
0,1027,1.1052148342132568,0.6103885173797607,0.4948263168334961
0,1028,0.8883224725723267,0.5362544655799866,0.3520680367946625
0,1029,1.1150217056274414,0.7829601764678955,0.3320615291595459
0,1030,0.7568609714508057,0.37952113151550293,0.37733981013298035
0,1031,0.8536263704299927,0.47150707244873047,0.3821193277835846
0,1032,1.2430479526519775,0.818671464920044,0.42437654733657837
0,1033,1.053552508354187,0.5997639894485474,0.45378851890563965
0,1034,1.0220201015472412,0.6524881720542908,0.3695319890975952
0,1035,1.404663324356079,0.952822208404541,0.4518410563468933
0,1036,1.2717105150222778,0.8484086990356445,0.4233018159866333
0,1037,1.0957565307617188,0.6791518330574036,0.41660475730895996
0,1038,1.2545292377471924,0.7379821538925171,0.5165471434593201
0,1039,0.9751656651496887,0.5882714986801147,0.386894166469574
0,1040,0.8778907656669617,0.6392685174942017,0.23862224817276
0,1041,1.1051905155181885,0.6871800422668457,0.41801053285598755
0,1042,1.0855380296707153,0.7196832895278931,0.3658547103404999
0,1043,0.9082979559898376,0.5148981809616089,0.39339977502822876
0,1044,0.894517719745636,0.5608037114143372,0.33371400833129883
0,1045,0.9636484384536743,0.5878067016601562,0.3758417069911957
0,1046,1.0368366241455078,0.6873063445091248,0.34953033924102783
0,1047,1.230506181716919,0.8185971975326538,0.41190898418426514
0,1048,1.1358284950256348,0.6967999339103699,0.4390285611152649
0,1049,0.9863411784172058,0.6224337816238403,0.3639073967933655
0,1050,1.5126261711120605,0.9397267699241638,0.5728994607925415
0,1051,0.6727670431137085,0.3831542432308197,0.2896127700805664
0,1052,0.9792625904083252,0.5884752869606018,0.3907873034477234
0,1053,1.0398300886154175,0.7351054549217224,0.30472463369369507
0,1054,1.0977840423583984,0.7858845591545105,0.31189948320388794
0,1055,1.171822428703308,0.7505569458007812,0.42126548290252686
0,1056,1.3705259561538696,0.7991582155227661,0.5713677406311035
0,1057,0.9820870161056519,0.6179996728897095,0.36408731341362
0,1058,0.9333233833312988,0.5414682626724243,0.3918551206588745
0,1059,0.8712066411972046,0.5177199244499207,0.35348671674728394
0,1060,1.0463563203811646,0.62969970703125,0.41665658354759216
0,1061,0.6183032989501953,0.3663159906864166,0.2519872784614563
0,1062,1.1050176620483398,0.6872538328170776,0.417763888835907
0,1063,1.2611792087554932,0.872856616973877,0.3883225917816162
0,1064,1.2300039529800415,0.7387255430221558,0.49127838015556335
0,1065,0.889997124671936,0.526118278503418,0.3638788163661957
0,1066,1.1447581052780151,0.8209720849990845,0.32378605008125305
0,1067,0.7964723110198975,0.535489559173584,0.2609827518463135
0,1068,0.8312737941741943,0.45245760679244995,0.3788161873817444
0,1069,0.953020453453064,0.6834754943847656,0.26954495906829834
0,1070,1.005733847618103,0.6229318380355835,0.3828020393848419
0,1071,1.0035851001739502,0.6563631892204285,0.3472219705581665
0,1072,1.0677666664123535,0.6047748327255249,0.46299177408218384
0,1073,1.0747573375701904,0.672160267829895,0.4025971293449402
0,1074,0.8618857264518738,0.5404983758926392,0.3213873505592346
0,1075,0.8411509990692139,0.52167147397995,0.3194795250892639
0,1076,1.3102514743804932,0.840255856513977,0.4699956774711609
0,1077,1.084633469581604,0.7088804841041565,0.3757529556751251
0,1078,0.5924758911132812,0.3591356575489044,0.23334026336669922
0,1079,1.0166641473770142,0.5403699278831482,0.47629421949386597
0,1080,1.3100987672805786,0.7671403288841248,0.5429584383964539
0,1081,0.9874469041824341,0.47937774658203125,0.5080691576004028
0,1082,0.6699070930480957,0.4181310534477234,0.2517760097980499
0,1083,1.2287673950195312,0.899587869644165,0.329179584980011
0,1084,1.0447566509246826,0.7003144025802612,0.3444421887397766
0,1085,1.2111101150512695,0.749840259552002,0.46126991510391235
0,1086,0.9405937790870667,0.5384544730186462,0.4021393060684204
0,1087,0.7740596532821655,0.4213223457336426,0.35273733735084534
0,1088,0.7666016221046448,0.3420855402946472,0.42451608180999756
0,1089,0.9181302189826965,0.5288754105567932,0.3892548084259033
0,1090,1.139937162399292,0.7222439050674438,0.41769325733184814
0,1091,1.6277170181274414,1.2435346841812134,0.384182333946228
0,1092,1.209372878074646,0.7143621444702148,0.49501070380210876
0,1093,1.2294745445251465,0.7286273241043091,0.5008472204208374
0,1094,1.1051161289215088,0.7026315331459045,0.402484655380249
0,1095,1.421959638595581,0.9787145256996155,0.44324517250061035
0,1096,1.4700802564620972,1.037396788597107,0.43268346786499023
0,1097,1.1943058967590332,0.7886202335357666,0.4056856632232666
0,1098,1.1051239967346191,0.7616170644760132,0.34350693225860596
0,1099,1.019762396812439,0.6344306468963623,0.3853317201137543
0,1100,0.9913613796234131,0.5575314164161682,0.4338299632072449
0,1101,0.8669095635414124,0.5823519825935364,0.284557580947876
0,1102,1.9824280738830566,1.542014718055725,0.4404134154319763
0,1103,1.1105520725250244,0.7695567011833191,0.3409953713417053
0,1104,1.1731390953063965,0.818619430065155,0.35451969504356384
0,1105,1.2537482976913452,0.9161193370819092,0.3376289904117584
0,1106,1.9206558465957642,1.437888264656067,0.48276758193969727
0,1107,1.6899782419204712,1.2994012832641602,0.3905769884586334
0,1108,1.3444247245788574,1.0562938451766968,0.28813087940216064
0,1109,1.802842617034912,1.233457088470459,0.5693855285644531
0,1110,1.1553354263305664,0.8562052249908447,0.29913026094436646
0,1111,1.0875215530395508,0.6692274808883667,0.41829413175582886
0,1112,1.0903822183609009,0.6630556583404541,0.4273265600204468
0,1113,1.1316295862197876,0.7128311991691589,0.41879838705062866
0,1114,1.743239402770996,1.3257901668548584,0.41744929552078247
0,1115,1.0763624906539917,0.8436371088027954,0.2327253520488739
0,1116,1.2983789443969727,0.9043389558792114,0.394040048122406
0,1117,1.1138280630111694,0.7765998840332031,0.3372281789779663
0,1118,1.2489525079727173,0.7371927499771118,0.5117597579956055
0,1119,0.9129823446273804,0.4971492886543274,0.4158330261707306
0,1120,1.111379861831665,0.6944667100906372,0.41691315174102783
0,1121,1.013537883758545,0.5751286149024963,0.4384092092514038
0,1122,1.3832077980041504,0.8433347940444946,0.5398730039596558
0,1123,1.467794418334961,0.9082308411598206,0.5595635771751404
0,1124,1.1612951755523682,0.7391325235366821,0.42216265201568604
0,1125,1.132674217224121,0.7452449798583984,0.38742929697036743
0,1126,1.0182418823242188,0.6074507832527161,0.4107910990715027
0,1127,1.0668177604675293,0.52671217918396,0.5401056408882141
0,1128,0.8015339374542236,0.517244815826416,0.2842891216278076
0,1129,1.3063619136810303,0.8280796408653259,0.47828230261802673
0,1130,1.0947972536087036,0.5772908926010132,0.5175063610076904
0,1131,1.064572811126709,0.6882805228233337,0.37629225850105286
0,1132,1.1678324937820435,0.7291439175605774,0.43868860602378845
0,1133,0.7943150401115417,0.45483481884002686,0.3394802212715149
0,1134,0.8434938192367554,0.5170112252235413,0.3264825642108917
0,1135,0.9105291962623596,0.6147608757019043,0.2957683205604553
0,1136,0.8544402718544006,0.5670655369758606,0.28737473487854004
0,1137,0.9378209710121155,0.5502716898918152,0.3875492811203003
0,1138,0.7965697050094604,0.501410961151123,0.2951587736606598
0,1139,0.9153045415878296,0.5549354553222656,0.3603690564632416
0,1140,0.9061503410339355,0.5068921446800232,0.39925819635391235
0,1141,0.9859777688980103,0.6317472457885742,0.35423049330711365
0,1142,0.7248687744140625,0.45587220788002014,0.26899656653404236
0,1143,0.9456661343574524,0.6875771284103394,0.25808900594711304
0,1144,1.129793643951416,0.6781822443008423,0.4516114592552185
0,1145,1.0749139785766602,0.6937679052352905,0.38114601373672485
0,1146,0.7692674994468689,0.42439258098602295,0.34487491846084595
0,1147,0.9382407665252686,0.5629064440727234,0.37533432245254517
0,1148,0.7359009385108948,0.43002843856811523,0.30587249994277954
0,1149,0.8955268263816833,0.583500862121582,0.3120259642601013
0,1150,1.1020431518554688,0.6475386619567871,0.45450443029403687
0,1151,0.7319644689559937,0.4379752278327942,0.29398927092552185
0,1152,1.0871777534484863,0.6647428870201111,0.42243489623069763
0,1153,0.9252355694770813,0.5331540107727051,0.3920815587043762
0,1154,0.8018628358840942,0.5131593942642212,0.28870347142219543
0,1155,1.0891735553741455,0.730474591255188,0.35869890451431274
0,1156,1.0717931985855103,0.6645376682281494,0.40725553035736084
0,1157,1.0901646614074707,0.7183601260185242,0.37180447578430176
0,1158,1.0335054397583008,0.605827808380127,0.42767763137817383
0,1159,1.108402132987976,0.6880460977554321,0.42035603523254395
0,1160,0.9109846353530884,0.5961313247680664,0.314853310585022
0,1161,0.7276511192321777,0.4490242004394531,0.2786268889904022
0,1162,0.900219202041626,0.5419315099716187,0.3582876920700073
0,1163,1.0062605142593384,0.5329694151878357,0.4732911288738251
0,1164,0.871464192867279,0.5274204015731812,0.3440437912940979
0,1165,1.191545844078064,0.6896041631698608,0.5019416809082031
0,1166,0.7303718328475952,0.4220427870750427,0.3083290457725525
0,1167,0.9198513031005859,0.5310263633728027,0.3888249397277832
0,1168,0.8834171295166016,0.4603854715824127,0.42303162813186646
0,1169,0.6830832362174988,0.44691282510757446,0.23617041110992432
0,1170,1.422109603881836,0.9619083404541016,0.4602012634277344
0,1171,1.1116797924041748,0.6745319366455078,0.437147855758667
0,1172,1.4925713539123535,0.9753741025924683,0.51719731092453
0,1173,1.0500032901763916,0.5666635036468506,0.483339786529541
0,1174,1.123173475265503,0.6710251569747925,0.45214831829071045
0,1175,1.0978317260742188,0.657015860080719,0.44081583619117737
0,1176,1.0382766723632812,0.554444432258606,0.48383229970932007
0,1177,0.9616847038269043,0.466439425945282,0.4952452778816223
0,1178,0.7942157983779907,0.4808327555656433,0.3133830428123474
0,1179,1.2891780138015747,0.8397132158279419,0.4494648277759552
0,1180,1.0740296840667725,0.6505629420280457,0.4234668016433716
0,1181,0.806698203086853,0.46751368045806885,0.3391844928264618
0,1182,1.132847547531128,0.6221268177032471,0.5107207298278809
0,1183,0.7773230075836182,0.47598913311958313,0.30133384466171265
0,1184,1.1683121919631958,0.7137144804000854,0.45459774136543274
0,1185,1.1256016492843628,0.6694556474685669,0.4561460018157959
0,1186,0.8334541916847229,0.5509043335914612,0.2825498580932617
0,1187,1.2040014266967773,0.856281042098999,0.3477204442024231
0,1188,0.9545356631278992,0.6757429838180542,0.27879267930984497
0,1189,0.9214887619018555,0.4967867434024811,0.424701988697052
0,1190,1.2699787616729736,0.7740823030471802,0.49589645862579346
0,1191,1.0905793905258179,0.6866941452026367,0.40388524532318115
0,1192,0.8221478462219238,0.5740456581115723,0.24810220301151276
0,1193,1.0776180028915405,0.6825039982795715,0.395114004611969
0,1194,1.1810956001281738,0.8068071007728577,0.3742884397506714
0,1195,0.8975189328193665,0.5735083222389221,0.32401061058044434
0,1196,0.8152167201042175,0.49120068550109863,0.3240160346031189
0,1197,1.1113826036453247,0.683651864528656,0.4277307093143463
0,1198,0.8538777232170105,0.5067929029464722,0.34708482027053833
0,1199,0.9368700981140137,0.5953110456466675,0.3415590524673462
0,1200,0.8793129920959473,0.5161491632461548,0.3631638288497925
0,1201,0.8667059540748596,0.4992102384567261,0.36749571561813354
0,1202,1.3400983810424805,0.9032266736030579,0.436871737241745
0,1203,0.9579116106033325,0.587942361831665,0.3699692189693451
0,1204,1.0608875751495361,0.6004659533500671,0.4604215621948242
0,1205,1.023216724395752,0.5998868942260742,0.42332977056503296
0,1206,1.3259377479553223,0.9026963710784912,0.42324137687683105
0,1207,1.171506643295288,0.7710548639297485,0.4004518389701843
0,1208,1.2346973419189453,0.854506254196167,0.3801911473274231
0,1209,1.0035074949264526,0.6354116201400757,0.36809587478637695
0,1210,1.1249518394470215,0.6237986087799072,0.5011532306671143
0,1211,0.9119173884391785,0.5671603083610535,0.344757080078125
0,1212,0.8596781492233276,0.43611085414886475,0.4235672950744629
0,1213,0.9216391444206238,0.6057901382446289,0.3158490061759949
0,1214,1.0632067918777466,0.7183621525764465,0.34484463930130005
0,1215,1.2493703365325928,0.7334918975830078,0.5158783793449402
0,1216,1.0508673191070557,0.5724284648895264,0.4784389138221741
0,1217,1.1668453216552734,0.7317557334899902,0.4350895881652832
0,1218,1.1452569961547852,0.6939163208007812,0.45134061574935913
0,1219,0.8829593658447266,0.5589678287506104,0.3239915370941162
0,1220,0.8810625076293945,0.5614580512046814,0.31960442662239075
0,1221,1.0142886638641357,0.6072104573249817,0.40707826614379883
0,1222,0.8574029207229614,0.6047463417053223,0.2526565492153168
0,1223,1.2189736366271973,0.8790411353111267,0.33993250131607056
0,1224,0.9183453321456909,0.6016198992729187,0.3167254328727722
0,1225,0.8818032741546631,0.6105493307113647,0.27125391364097595
0,1226,0.8702419996261597,0.546578049659729,0.3236639201641083
0,1227,0.6151286959648132,0.3847184181213379,0.23041026294231415
0,1228,0.9820852279663086,0.6107086539268494,0.37137657403945923
0,1229,0.8964686393737793,0.5411669611930847,0.35530170798301697
0,1230,0.9649432301521301,0.6178617477416992,0.3470814824104309
0,1231,1.0508984327316284,0.6814166307449341,0.36948180198669434
0,1232,0.7741246223449707,0.3993205726146698,0.3748040199279785
0,1233,0.941903829574585,0.5923386812210083,0.34956517815589905
0,1234,0.7869946360588074,0.42106425762176514,0.36593037843704224
0,1235,0.674630880355835,0.374327152967453,0.30030369758605957
0,1236,1.2326889038085938,0.7750458717346191,0.45764297246932983
0,1237,1.1009571552276611,0.7023330926895142,0.398624062538147
0,1238,1.1436398029327393,0.7581145763397217,0.38552528619766235
0,1239,1.0692802667617798,0.6898174285888672,0.3794628083705902
0,1240,0.887895941734314,0.46259450912475586,0.4253014326095581
0,1241,0.9825125336647034,0.6665852665901184,0.31592726707458496
0,1242,1.0157567262649536,0.5263044834136963,0.48945221304893494
0,1243,0.9468268156051636,0.5083777904510498,0.43844902515411377
0,1244,1.0453276634216309,0.619874119758606,0.4254536032676697
0,1245,0.81337571144104,0.578811526298523,0.2345641702413559
0,1246,1.0888195037841797,0.6525612473487854,0.4362581968307495
0,1247,0.8030041456222534,0.45489048957824707,0.34811362624168396
0,1248,1.5988293886184692,0.885719895362854,0.7131094932556152
0,1249,0.6604722738265991,0.4099029302597046,0.25056931376457214
0,1250,0.8927321434020996,0.5893527269363403,0.3033794164657593
0,1251,0.9694055318832397,0.6585873365402222,0.3108181655406952
0,1252,1.1436591148376465,0.7371322512626648,0.4065268635749817
0,1253,1.3122332096099854,0.6448836326599121,0.667349636554718
0,1254,0.7477186918258667,0.49837836623191833,0.24934035539627075
0,1255,1.269341230392456,0.766814649105072,0.5025266408920288
0,1256,0.8731032609939575,0.6634639501571655,0.20963932573795319
0,1257,1.0058863162994385,0.7013151049613953,0.3045712113380432
0,1258,0.9396868944168091,0.6767774820327759,0.2629093825817108
0,1259,0.9266880750656128,0.5284727811813354,0.39821529388427734
0,1260,1.4072988033294678,0.9231316447257996,0.484167218208313
0,1261,1.1312037706375122,0.5857031345367432,0.545500636100769
0,1262,0.9335374236106873,0.6181912422180176,0.3153461813926697
0,1263,0.9231219291687012,0.6575966477394104,0.26552531123161316
0,1264,1.0537148714065552,0.7283871173858643,0.3253277540206909
0,1265,1.0018444061279297,0.6987106800079346,0.3031337261199951
0,1266,0.8975522518157959,0.628034234046936,0.2695179879665375
0,1267,0.9481728076934814,0.6756486892700195,0.2725240886211395
0,1268,0.8264796137809753,0.5032125115394592,0.3232671022415161
0,1269,0.9606665372848511,0.5215206146240234,0.43914595246315
0,1270,1.3606517314910889,0.7487374544143677,0.6119142770767212
0,1271,0.9477713108062744,0.5895628929138184,0.35820838809013367
0,1272,0.7957457304000854,0.5225133299827576,0.2732324004173279
0,1273,0.8000324964523315,0.5451551675796509,0.25487732887268066
0,1274,1.1411967277526855,0.6982197165489197,0.44297701120376587
0,1275,1.014862298965454,0.4500257968902588,0.5648365020751953
0,1276,0.97722989320755,0.5986515879631042,0.3785783052444458
0,1277,1.069258689880371,0.5684424638748169,0.500816285610199
0,1278,1.1137086153030396,0.6671738028526306,0.44653481245040894
0,1279,1.003040075302124,0.5563669800758362,0.44667303562164307
0,1280,0.9878448843955994,0.5441352128982544,0.44370967149734497
0,1281,1.0200259685516357,0.7614521980285645,0.2585737705230713
0,1282,0.9891756772994995,0.6816389560699463,0.3075367510318756
0,1283,1.026779055595398,0.5968970060348511,0.4298820495605469
0,1284,0.8869597315788269,0.5512324571609497,0.3357272744178772
0,1285,1.1060458421707153,0.6899148225784302,0.41613101959228516
0,1286,0.9574038982391357,0.5675120949745178,0.3898918032646179
0,1287,0.6573144197463989,0.3650776147842407,0.2922368049621582
0,1288,1.1507502794265747,0.6397824287414551,0.5109678506851196
0,1289,0.9029781818389893,0.5508655309677124,0.35211268067359924
0,1290,0.789909839630127,0.49679380655288696,0.2931160032749176
0,1291,0.8894580602645874,0.5022333264350891,0.3872247636318207
0,1292,0.7853159308433533,0.4941312074661255,0.2911847233772278
0,1293,1.0288782119750977,0.5636937618255615,0.46518439054489136
0,1294,0.839900016784668,0.4616890251636505,0.37821102142333984
0,1295,1.18499755859375,0.7914555072784424,0.3935420513153076
0,1296,0.7531677484512329,0.43911606073379517,0.31405168771743774
0,1297,1.0686655044555664,0.6043356657028198,0.4643298387527466
0,1298,0.9018253684043884,0.6223441362380981,0.2794812321662903
0,1299,0.6982232332229614,0.3964826464653015,0.3017405867576599
0,1300,0.7794599533081055,0.4433331787586212,0.33612674474716187
0,1301,1.42472243309021,1.0137227773666382,0.41099971532821655
0,1302,0.8730513453483582,0.5081912279129028,0.3648601174354553
0,1303,1.4019323587417603,0.7694185972213745,0.6325137615203857
0,1304,0.6961342692375183,0.4457038640975952,0.2504304051399231
0,1305,0.8420649766921997,0.45229005813598633,0.3897749185562134
0,1306,0.9057013988494873,0.5886518955230713,0.3170495331287384
0,1307,0.9176695346832275,0.5666065216064453,0.3510630130767822
0,1308,0.7358616590499878,0.4465722441673279,0.2892894148826599
0,1309,0.8868521451950073,0.5092088580131531,0.37764331698417664
0,1310,0.7260887622833252,0.47816216945648193,0.24792662262916565
0,1311,0.7237060070037842,0.4129687249660492,0.3107372522354126
0,1312,1.180996060371399,0.7896617650985718,0.39133429527282715
0,1313,1.1040003299713135,0.7259570360183716,0.3780432939529419
0,1314,0.8818175792694092,0.5350105166435242,0.3468070328235626
0,1315,0.8834598064422607,0.5864623188972473,0.2969974875450134
0,1316,1.1099084615707397,0.6163015365600586,0.49360692501068115
0,1317,0.9642938375473022,0.6195955276489258,0.3446982800960541
0,1318,0.9537699222564697,0.5221744775772095,0.43159544467926025
0,1319,1.0491832494735718,0.5998784303665161,0.44930481910705566
0,1320,0.9435985684394836,0.4958549737930298,0.44774359464645386
0,1321,0.8327206373214722,0.5006489753723145,0.3320716619491577
0,1322,1.2254582643508911,0.8320629000663757,0.3933953642845154
0,1323,0.8592091202735901,0.516497015953064,0.3427121043205261
0,1324,0.8424495458602905,0.5020875334739685,0.34036198258399963
0,1325,0.9376854300498962,0.5189435482025146,0.4187418818473816
0,1326,1.0924007892608643,0.5655272006988525,0.5268735885620117
0,1327,0.9311248064041138,0.530735969543457,0.40038880705833435
0,1328,0.8416520357131958,0.48519396781921387,0.3564580976963043
0,1329,0.8131312131881714,0.42743730545043945,0.38569390773773193
0,1330,0.7652641534805298,0.3375312089920044,0.4277329444885254
0,1331,1.357123851776123,0.7441452145576477,0.6129786968231201
0,1332,1.017981767654419,0.565587043762207,0.4523947834968567
0,1333,0.9945852756500244,0.7238246202468872,0.2707606852054596
0,1334,0.8488953113555908,0.4268638491630554,0.4220314621925354
0,1335,1.048397421836853,0.6568812131881714,0.39151623845100403
0,1336,0.9710119962692261,0.675878643989563,0.2951333522796631
0,1337,0.7172154188156128,0.42482632398605347,0.29238906502723694
0,1338,0.991336464881897,0.7247174978256226,0.2666189670562744
0,1339,0.854259192943573,0.5577555894851685,0.29650360345840454
0,1340,0.9047761559486389,0.4709622859954834,0.4338138699531555
0,1341,0.9849023818969727,0.6125558614730835,0.37234652042388916
0,1342,0.7880833745002747,0.448900043964386,0.33918333053588867
0,1343,0.8200429677963257,0.49267271161079407,0.32737022638320923
0,1344,0.8635877370834351,0.4975838363170624,0.3660039007663727
0,1345,0.7506944537162781,0.42303305864334106,0.327661395072937
0,1346,1.100764274597168,0.8364999294281006,0.2642642855644226
0,1347,0.7388476133346558,0.3218567669391632,0.41699084639549255
0,1348,1.1156896352767944,0.7509522438049316,0.3647373914718628
0,1349,1.0674277544021606,0.7202405333518982,0.34718719124794006
0,1350,0.8290380239486694,0.5358359813690186,0.2932020425796509
0,1351,0.8797188401222229,0.5269944667816162,0.3527243733406067
0,1352,1.0280282497406006,0.6604752540588379,0.3675529956817627
0,1353,0.9723954796791077,0.632668137550354,0.33972734212875366
0,1354,0.9685164093971252,0.5752444267272949,0.3932719826698303
0,1355,0.6570982933044434,0.38275468349456787,0.2743436396121979
0,1356,0.6836098432540894,0.40033891797065735,0.2832709550857544
0,1357,0.7569971084594727,0.3956109583377838,0.36138617992401123
0,1358,0.8094282746315002,0.41519004106521606,0.3942382335662842
0,1359,0.9531202912330627,0.4905485510826111,0.46257174015045166
0,1360,1.141190528869629,0.6419132947921753,0.49927717447280884
0,1361,0.8389487266540527,0.45993751287460327,0.37901121377944946
0,1362,0.7851298451423645,0.4636703133583069,0.3214595317840576
0,1363,0.9192349314689636,0.552827775478363,0.3664071559906006
0,1364,0.7798698544502258,0.512833833694458,0.2670360207557678
0,1365,0.8775054216384888,0.5276854634284973,0.34981998801231384
0,1366,1.0211055278778076,0.689393162727356,0.33171242475509644
0,1367,0.664844274520874,0.3993298411369324,0.26551443338394165
0,1368,1.1205962896347046,0.7548967599868774,0.36569955945014954
0,1369,1.0542678833007812,0.666472315788269,0.38779550790786743
0,1370,1.0475423336029053,0.5756944417953491,0.4718478322029114
0,1371,0.8875992894172668,0.5270273089408875,0.3605719804763794
0,1372,1.064647912979126,0.5208736658096313,0.5437742471694946
0,1373,0.8735276460647583,0.49293795228004456,0.38058966398239136
0,1374,0.7655514478683472,0.4122833013534546,0.3532681465148926
0,1375,1.0567437410354614,0.5428627133369446,0.5138810276985168
0,1376,0.8924096822738647,0.44191163778305054,0.4504980444908142
0,1377,0.7577369213104248,0.5529126524925232,0.20482423901557922
0,1378,0.5693939328193665,0.33294805884361267,0.23644587397575378
0,1379,0.8798197507858276,0.4890577793121338,0.39076197147369385
0,1380,1.4340494871139526,0.9524165391921997,0.48163291811943054
0,1381,0.842319667339325,0.5158048272132874,0.3265148401260376
0,1382,0.9303241968154907,0.5235896110534668,0.4067345857620239
0,1383,1.074491262435913,0.6124119758605957,0.46207931637763977
0,1384,0.9986028075218201,0.554909348487854,0.44369345903396606
0,1385,0.9513399600982666,0.5614737272262573,0.38986626267433167
0,1386,1.0926716327667236,0.5246829986572266,0.5679886937141418
0,1387,0.9061698913574219,0.43649059534072876,0.4696792960166931
0,1388,0.9815217852592468,0.5994217395782471,0.38210004568099976
0,1389,0.6880975961685181,0.40439221262931824,0.28370538353919983
0,1390,0.715683102607727,0.44739049673080444,0.268292635679245
0,1391,0.7798336148262024,0.4342871904373169,0.3455464243888855
0,1392,0.9109050035476685,0.5501714944839478,0.3607335090637207
0,1393,0.8374791145324707,0.4295528531074524,0.4079262316226959
0,1394,0.7482739686965942,0.35217300057411194,0.3961009681224823
0,1395,0.8501696586608887,0.4917585849761963,0.3584110736846924
0,1396,0.7476835250854492,0.4376266598701477,0.3100568950176239
0,1397,1.4664942026138306,0.8141030073165894,0.6523911952972412
0,1398,0.8924567699432373,0.5915734171867371,0.30088338255882263
0,1399,0.91622394323349,0.5334652066230774,0.3827587366104126
0,1400,1.405900478363037,0.9199511408805847,0.4859492778778076
0,1401,0.7333885431289673,0.42570000886917114,0.30768853425979614
0,1402,1.2273471355438232,0.8324215412139893,0.3949255347251892
0,1403,1.0694342851638794,0.709464430809021,0.3599698543548584
0,1404,0.7192891240119934,0.40381187200546265,0.31547725200653076
0,1405,0.9190396070480347,0.5167632699012756,0.4022763669490814
0,1406,1.1354246139526367,0.49550551176071167,0.6399190425872803
0,1407,0.9053670167922974,0.46348869800567627,0.4418783187866211
0,1408,1.1395940780639648,0.6367141008377075,0.5028799176216125
0,1409,0.9086489677429199,0.5884402394294739,0.32020872831344604
0,1410,0.716526210308075,0.34610170125961304,0.3704245090484619
0,1411,0.9622552394866943,0.533831000328064,0.428424209356308
0,1412,1.0606153011322021,0.5747948884963989,0.48582035303115845
0,1413,0.784839391708374,0.4580484628677368,0.3267909288406372
0,1414,1.1548926830291748,0.7110813856124878,0.44381123781204224
0,1415,1.3853065967559814,0.9265754818916321,0.45873111486434937
0,1416,1.0229129791259766,0.6390079855918884,0.38390496373176575
0,1417,0.7473123073577881,0.4963529407978058,0.2509593367576599
0,1418,0.9739990234375,0.5797406435012817,0.3942583501338959
0,1419,0.8762696385383606,0.5030878186225891,0.3731818199157715
0,1420,0.893063485622406,0.5306557416915894,0.36240774393081665
0,1421,0.934978723526001,0.6454522609710693,0.28952643275260925
0,1422,0.8600914478302002,0.5435072779655457,0.31658416986465454
0,1423,0.6012222170829773,0.3323705792427063,0.268851637840271
0,1424,1.0487191677093506,0.6644518375396729,0.38426733016967773
0,1425,0.855015754699707,0.5546867251396179,0.3003290295600891
0,1426,0.931627094745636,0.6016666889190674,0.3299604058265686
0,1427,0.6947987079620361,0.40099817514419556,0.2938005030155182
0,1428,0.7787494659423828,0.4823867380619049,0.2963627576828003
0,1429,0.9025965929031372,0.49736958742141724,0.40522700548171997
0,1430,1.1504020690917969,0.6111579537391663,0.5392441749572754
0,1431,1.2086338996887207,0.7845228910446167,0.4241109788417816
0,1432,0.9124906659126282,0.5055510401725769,0.40693962574005127
0,1433,0.7762641310691833,0.4767531156539917,0.29951101541519165
0,1434,1.0624297857284546,0.6143777370452881,0.4480520486831665
0,1435,0.8780991435050964,0.47795093059539795,0.4001482129096985
0,1436,0.9290498495101929,0.49675285816192627,0.4322969913482666
0,1437,0.7856671214103699,0.47019141912460327,0.3154757022857666
0,1438,0.8056272268295288,0.41123324632644653,0.3943939507007599
0,1439,0.634239137172699,0.32427656650543213,0.30996257066726685
0,1440,0.6496703028678894,0.45366406440734863,0.19600623846054077
0,1441,0.8263885974884033,0.44605863094329834,0.38032999634742737
0,1442,0.9834113717079163,0.585176944732666,0.39823442697525024
0,1443,0.8122351169586182,0.47490185499191284,0.33733323216438293
0,1444,0.8362565040588379,0.4121798872947693,0.4240765869617462
0,1445,0.878818929195404,0.45944204926490784,0.4193768799304962
0,1446,0.882028341293335,0.4843509793281555,0.39767736196517944
0,1447,0.5214609503746033,0.27824509143829346,0.24321585893630981
0,1448,1.2555510997772217,0.8386639356613159,0.416887104511261
0,1449,0.9930336475372314,0.5873342752456665,0.40569937229156494
0,1450,1.5481512546539307,1.0023807287216187,0.5457705855369568
0,1451,0.621738851070404,0.36119508743286133,0.2605437636375427
0,1452,0.831386148929596,0.5285096168518066,0.3028765320777893
0,1453,0.6328918933868408,0.3497622311115265,0.28312966227531433
0,1454,0.6720870733261108,0.29801470041275024,0.3740723729133606
0,1455,0.9167906641960144,0.6077666282653809,0.30902403593063354
0,1456,0.8016005754470825,0.5210184454917908,0.28058212995529175
0,1457,0.7643628120422363,0.4479166269302368,0.3164462149143219
0,1458,0.8255934715270996,0.4446195960044861,0.3809739053249359
0,1459,1.0174822807312012,0.6352781057357788,0.38220417499542236
0,1460,0.7432781457901001,0.46976518630981445,0.27351292967796326
0,1461,0.9212720394134521,0.4725741147994995,0.448697954416275
0,1462,0.8085521459579468,0.45226648449897766,0.3562856912612915
0,1463,0.9124413728713989,0.4731769859790802,0.43926435708999634
0,1464,0.7991167306900024,0.4836423993110657,0.31547433137893677
0,1465,0.9525893330574036,0.5064127445220947,0.44617658853530884
0,1466,1.1425524950027466,0.7621004581451416,0.380452036857605
0,1467,1.0462840795516968,0.572996973991394,0.47328710556030273
0,1468,1.088181495666504,0.5677328705787659,0.5204485654830933
0,1469,0.8139970302581787,0.5051512718200684,0.30884575843811035
0,1470,0.9274938106536865,0.5500979423522949,0.3773958683013916
0,1471,0.8188523054122925,0.4236709177494049,0.3951813876628876
0,1472,0.9926792979240417,0.6526167988777161,0.3400624990463257
0,1473,1.0575666427612305,0.5673189163208008,0.4902476668357849
0,1474,0.7862263917922974,0.47176167368888855,0.3144646883010864
0,1475,0.8025161623954773,0.4456971287727356,0.3568190336227417
0,1476,0.8596702218055725,0.5311509370803833,0.3285192847251892
0,1477,0.8998196721076965,0.572158932685852,0.3276607394218445
0,1478,0.7682600021362305,0.45720160007476807,0.3110584020614624
0,1479,0.7744749188423157,0.44136834144592285,0.3331065773963928
0,1480,0.8844969272613525,0.4595601558685303,0.42493680119514465
0,1481,0.9313000440597534,0.5381866097450256,0.3931134045124054
0,1482,0.7856720089912415,0.4096965789794922,0.37597543001174927
0,1483,0.7390339374542236,0.4249158799648285,0.31411805748939514
0,1484,1.5429142713546753,0.9527751207351685,0.5901391506195068
0,1485,0.9884499311447144,0.5742337703704834,0.41421616077423096
0,1486,0.8167359232902527,0.4568953514099121,0.3598405718803406
0,1487,0.84034264087677,0.45443910360336304,0.385903537273407
0,1488,0.6884584426879883,0.3690204322338104,0.31943798065185547
0,1489,0.8763213157653809,0.5927634239196777,0.2835578918457031
0,1490,1.008705735206604,0.5260032415390015,0.48270249366760254
0,1491,0.8487746119499207,0.43695539236068726,0.4118192195892334
0,1492,0.6704200506210327,0.43450677394866943,0.23591329157352448
0,1493,0.9473743438720703,0.5026955008506775,0.4446788430213928
0,1494,1.0547492504119873,0.6289690136909485,0.42578020691871643
0,1495,0.7807262539863586,0.4826626181602478,0.29806363582611084
0,1496,0.7442283630371094,0.45369043946266174,0.29053789377212524
0,1497,0.7503414750099182,0.41325944662094116,0.33708202838897705
0,1498,1.3331364393234253,0.8676791191101074,0.46545732021331787
0,1499,0.9908509850502014,0.5634820461273193,0.4273689389228821
0,1500,0.7285861372947693,0.46141451597213745,0.26717162132263184
0,1501,0.8234978914260864,0.43058907985687256,0.3929087817668915
0,1502,0.7908311486244202,0.360556960105896,0.43027418851852417
0,1503,0.6623806953430176,0.37684711813926697,0.285533607006073
0,1504,0.795437216758728,0.4818829894065857,0.31355422735214233
0,1505,0.8908864259719849,0.5142555236816406,0.37663090229034424
0,1506,1.1279609203338623,0.6785385608673096,0.44942229986190796
0,1507,0.9495436549186707,0.7501760125160217,0.19936765730381012
0,1508,0.653327465057373,0.39606690406799316,0.2572605609893799
0,1509,0.7877549529075623,0.3732050061225891,0.41454994678497314
0,1510,0.8075628876686096,0.46845126152038574,0.3391116261482239
0,1511,1.1632411479949951,0.729338526725769,0.4339025616645813
0,1512,0.7840749621391296,0.46214014291763306,0.3219348192214966
0,1513,1.1100244522094727,0.7219687700271606,0.38805562257766724
0,1514,0.7605893015861511,0.47347545623779297,0.28711384534835815
0,1515,0.7696965932846069,0.41310644149780273,0.3565901517868042
0,1516,0.889351487159729,0.4787716567516327,0.4105798602104187
0,1517,0.9866145849227905,0.5421903133392334,0.44442427158355713
0,1518,1.0611207485198975,0.7490226030349731,0.31209808588027954
0,1519,0.9079318046569824,0.49614086747169495,0.4117909371852875
0,1520,0.678130567073822,0.3906209468841553,0.28750962018966675
0,1521,0.8913233876228333,0.4734330177307129,0.41789036989212036
0,1522,0.8870857954025269,0.5160514116287231,0.3710343837738037
0,1523,0.8008285760879517,0.5399531126022339,0.2608754336833954
0,1524,0.7601972818374634,0.4461232125759125,0.3140740990638733
0,1525,1.1183300018310547,0.6229097843170166,0.4954201579093933
0,1526,0.8192028403282166,0.5207377076148987,0.29846513271331787
0,1527,0.9114832282066345,0.41094207763671875,0.5005411505699158
0,1528,0.9577138423919678,0.5037164688110352,0.4539973735809326
0,1529,0.7375551462173462,0.4355761408805847,0.3019790053367615
0,1530,0.7959747314453125,0.4523967504501343,0.3435779809951782
0,1531,0.8893264532089233,0.5997411012649536,0.28958532214164734
0,1532,0.9459151029586792,0.4951755404472351,0.4507395923137665
0,1533,1.0568336248397827,0.5667936205863953,0.49004000425338745
0,1534,0.9912295341491699,0.6224708557128906,0.3687587082386017
0,1535,0.7435747385025024,0.4408457279205322,0.3027290403842926
0,1536,1.0820977687835693,0.7170850038528442,0.3650128245353699
0,1537,0.894048810005188,0.5410829186439514,0.3529658615589142
0,1538,0.6344656944274902,0.3287845551967621,0.30568110942840576
0,1539,0.8948526382446289,0.44324588775634766,0.45160675048828125
0,1540,0.6591137051582336,0.4030070900917053,0.2561066150665283
0,1541,0.6056251525878906,0.3439026474952698,0.26172253489494324
0,1542,0.6700875759124756,0.38913917541503906,0.2809484302997589
0,1543,0.7898491621017456,0.4044741988182068,0.3853749930858612
0,1544,0.6849058866500854,0.4208589196205139,0.26404693722724915
0,1545,0.8729434609413147,0.4836999177932739,0.38924354314804077
0,1546,0.732380747795105,0.3918001055717468,0.34058061242103577
0,1547,0.7442371845245361,0.3673264980316162,0.3769106864929199
0,1548,0.9590096473693848,0.5604549646377563,0.39855465292930603
0,1549,0.8996670246124268,0.47823071479797363,0.4214363098144531
0,1550,1.035953164100647,0.6202129125595093,0.4157402515411377
0,1551,1.0246267318725586,0.6501983404159546,0.3744284510612488
0,1552,1.622645378112793,0.8414070010185242,0.7812384366989136
0,1553,0.9584693312644958,0.622925877571106,0.3355434536933899
0,1554,0.5974195599555969,0.3364318013191223,0.2609877586364746
0,1555,0.7572681307792664,0.41537290811538696,0.3418952226638794
0,1556,1.3863716125488281,0.9720802307128906,0.4142913818359375
0,1557,0.8212876915931702,0.46584010124206543,0.35544759035110474
0,1558,1.0086671113967896,0.5357534885406494,0.47291359305381775
0,1559,1.0061099529266357,0.5875527858734131,0.4185571074485779
0,1560,0.9010729193687439,0.4852270483970642,0.4158458709716797
0,1561,1.017967939376831,0.5662157535552979,0.4517521262168884
0,1562,0.9045823812484741,0.5362684726715088,0.36831387877464294
0,1563,0.8776500821113586,0.533939003944397,0.34371107816696167
0,1564,1.0799281597137451,0.7391121983528137,0.340815931558609
0,1565,0.7726941108703613,0.43661171197891235,0.33608242869377136
0,1566,0.9163058400154114,0.6156633496284485,0.3006424903869629
0,1567,0.8659875392913818,0.5314841866493225,0.33450332283973694
0,1568,1.0723341703414917,0.5621985197067261,0.5101356506347656
0,1569,0.788348913192749,0.5310496091842651,0.2572993040084839
0,1570,1.0234103202819824,0.6254798769950867,0.397930383682251
0,1571,0.9547553062438965,0.6456878185272217,0.3090675175189972
0,1572,0.6390308141708374,0.3809705376625061,0.2580602765083313
0,1573,1.0230257511138916,0.5566307306289673,0.4663950502872467
0,1574,1.057680368423462,0.527004063129425,0.5306762456893921
0,1575,0.9044108986854553,0.5483614206314087,0.35604947805404663
0,1576,0.7025384306907654,0.4001225531101227,0.3024158775806427
0,1577,0.7952105402946472,0.48741447925567627,0.30779606103897095
0,1578,0.8148712515830994,0.402987539768219,0.41188371181488037
0,1579,0.7723122835159302,0.42197278141975403,0.35033947229385376
0,1580,1.0793871879577637,0.6449976563453674,0.434389591217041
0,1581,1.0165027379989624,0.6154975891113281,0.4010051190853119
0,1582,0.8261302709579468,0.5091421604156494,0.31698811054229736
0,1583,0.8665157556533813,0.5433202981948853,0.3231954276561737
0,1584,0.5508462190628052,0.31659603118896484,0.23425021767616272
0,1585,0.955902099609375,0.619552493095398,0.33634960651397705
0,1586,1.0465651750564575,0.6655073165893555,0.38105785846710205
0,1587,0.9588305950164795,0.48866021633148193,0.47017037868499756
0,1588,0.7037513256072998,0.4325214624404907,0.2712298333644867
0,1589,0.5867002010345459,0.3146224021911621,0.2720777988433838
0,1590,0.9266990423202515,0.5352956652641296,0.3914033770561218
0,1591,0.7306707501411438,0.4701046347618103,0.2605661153793335
0,1592,0.9710062742233276,0.5188732743263245,0.4521329998970032
0,1593,0.7197487354278564,0.35184723138809204,0.3679015338420868
0,1594,0.9723273515701294,0.6221230626106262,0.3502042591571808
0,1595,0.9020374417304993,0.6355079412460327,0.26652950048446655
0,1596,0.6121017932891846,0.3576674163341522,0.25443434715270996
0,1597,0.8992506861686707,0.5566043853759766,0.3426463007926941
0,1598,0.8500294089317322,0.6062906980514526,0.24373872578144073
0,1599,0.6851493120193481,0.3994324803352356,0.28571686148643494
0,1600,0.7839571833610535,0.5237809419631958,0.26017624139785767
0,1601,0.5695744752883911,0.32410573959350586,0.24546876549720764
0,1602,0.5329548716545105,0.3148954212665558,0.2180594503879547
0,1603,1.2073415517807007,0.8034263849258423,0.4039151668548584
0,1604,0.7134536504745483,0.3809936046600342,0.33246004581451416
0,1605,0.724304735660553,0.3364916145801544,0.38781312108039856
0,1606,0.9068513512611389,0.5643720626831055,0.34247928857803345
0,1607,0.7505770921707153,0.4291725754737854,0.3214045464992523
0,1608,0.7981969714164734,0.4179418385028839,0.3802551329135895
0,1609,0.8368113040924072,0.4170103669166565,0.4198009669780731
0,1610,1.0243148803710938,0.5492925643920898,0.4750223755836487
0,1611,0.7036913633346558,0.49171286821365356,0.2119784951210022
0,1612,0.8228747248649597,0.3937121033668518,0.4291626214981079
0,1613,0.8160349130630493,0.4889861047267914,0.3270488381385803
0,1614,0.919456958770752,0.548011302947998,0.3714456260204315
0,1615,0.897039532661438,0.5162380337715149,0.3808015286922455
0,1616,0.7013517618179321,0.35759174823760986,0.34376004338264465
0,1617,1.0576016902923584,0.5632653832435608,0.4943363070487976
0,1618,1.1536864042282104,0.6824361085891724,0.4712502956390381
0,1619,0.8633979558944702,0.5178149938583374,0.3455829620361328
0,1620,0.9085159301757812,0.4982532560825348,0.4102626442909241
0,1621,0.8154987096786499,0.44697847962379456,0.36852025985717773
0,1622,0.8266787528991699,0.4391322135925293,0.3875465393066406
0,1623,1.0730552673339844,0.6547884941101074,0.41826674342155457
0,1624,0.6171926259994507,0.35351449251174927,0.2636781334877014
0,1625,0.9506547451019287,0.5273727178573608,0.42328205704689026
0,1626,1.0560439825057983,0.6378066539764404,0.4182373285293579
0,1627,2.452164888381958,2.1139354705810547,0.3382294476032257
0,1628,0.9059396386146545,0.5389671325683594,0.36697250604629517
0,1629,0.5996588468551636,0.32720041275024414,0.27245840430259705
0,1630,0.9169300198554993,0.5628027319908142,0.35412728786468506
0,1631,1.0037410259246826,0.6120034456253052,0.39173761010169983
0,1632,0.8936651945114136,0.4841574728488922,0.409507691860199
0,1633,0.9852880239486694,0.6089166402816772,0.3763713836669922
0,1634,1.2544255256652832,0.7254053950309753,0.5290201902389526
0,1635,1.4105830192565918,0.9073711633682251,0.5032118558883667
0,1636,0.9097771644592285,0.5160516500473022,0.39372554421424866
0,1637,0.823596179485321,0.48082947731018066,0.3427667021751404
0,1638,1.0930349826812744,0.7209707498550415,0.3720642924308777
0,1639,1.2448780536651611,0.8419532775878906,0.4029247760772705
0,1640,1.6757279634475708,1.4097459316253662,0.2659820318222046
0,1641,0.9443708658218384,0.6091442108154297,0.3352266550064087
0,1642,1.520554542541504,1.0994398593902588,0.4211146831512451
0,1643,2.070455312728882,1.6459555625915527,0.4244997203350067
0,1644,1.4863028526306152,1.0952693223953247,0.3910335302352905
0,1645,1.824009895324707,1.2974178791046143,0.5265920162200928
0,1646,1.3685455322265625,0.8542781472206116,0.5142674446105957
0,1647,0.8513613939285278,0.5018934011459351,0.3494679927825928
0,1648,1.0200546979904175,0.6187692284584045,0.40128546953201294
0,1649,0.9242824912071228,0.5719226598739624,0.3523598313331604
0,1650,1.2444870471954346,0.8865714073181152,0.35791561007499695
0,1651,0.8639564514160156,0.5300706028938293,0.3338858187198639
0,1652,0.8652501702308655,0.5644832849502563,0.30076688528060913
0,1653,0.9222428798675537,0.5586403608322144,0.36360254883766174
0,1654,1.0509779453277588,0.7515543699264526,0.29942357540130615
0,1655,1.1617062091827393,0.8654595613479614,0.2962467074394226
0,1656,0.9279208183288574,0.5733832120895386,0.35453760623931885
0,1657,1.0586220026016235,0.6281677484512329,0.4304542541503906
0,1658,1.3175811767578125,0.6058608293533325,0.7117202877998352
0,1659,0.6819827556610107,0.42137211561203003,0.2606106698513031
0,1660,0.9157586097717285,0.63748699426651,0.2782716155052185
0,1661,0.9164608120918274,0.5608774423599243,0.3555833697319031
0,1662,0.9798108339309692,0.6965802311897278,0.28323060274124146
0,1663,0.7866647243499756,0.4704653322696686,0.3161993622779846
0,1664,0.9004055261611938,0.47841504216194153,0.42199045419692993
0,1665,0.8600975275039673,0.5269395709037781,0.3331579566001892
0,1666,0.6620496511459351,0.30912989377975464,0.3529197573661804
0,1667,0.7340548634529114,0.42358332872390747,0.3104715347290039
0,1668,0.7879481911659241,0.44570010900497437,0.3422480821609497
0,1669,0.6067463159561157,0.28810915350914,0.3186371326446533
0,1670,0.7001688480377197,0.3880122900009155,0.3121565282344818
0,1671,0.9041464924812317,0.5987011194229126,0.3054453730583191
0,1672,1.2593809366226196,0.7619400024414062,0.49744096398353577
0,1673,0.6297606229782104,0.367101788520813,0.26265886425971985
0,1674,0.7675669193267822,0.5339738130569458,0.23359310626983643
0,1675,0.9198410511016846,0.5675601959228516,0.352280855178833
0,1676,0.878092885017395,0.6111613512039185,0.26693153381347656
0,1677,0.900200366973877,0.560222864151001,0.339977502822876
0,1678,0.9120333194732666,0.6132617592811584,0.29877158999443054
0,1679,0.9381625652313232,0.4476158320903778,0.49054670333862305
0,1680,1.0784940719604492,0.680232048034668,0.3982619643211365
0,1681,0.7792937755584717,0.40431126952171326,0.3749825358390808
0,1682,1.0518674850463867,0.6081375479698181,0.4437299370765686
0,1683,1.1383886337280273,0.7865695953369141,0.3518190085887909
0,1684,0.7766923904418945,0.3987279534339905,0.37796443700790405
0,1685,1.0314710140228271,0.5662369132041931,0.46523404121398926
0,1686,0.8292364478111267,0.5427093505859375,0.2865270972251892
0,1687,0.6595280766487122,0.4084817171096802,0.251046359539032
0,1688,0.6915044784545898,0.40177667140960693,0.2897278368473053
0,1689,1.1122997999191284,0.6746495962142944,0.437650203704834
0,1690,0.924235463142395,0.6670193076133728,0.2572161853313446
0,1691,0.8659552931785583,0.4764859080314636,0.3894693851470947
0,1692,0.845550537109375,0.4366944432258606,0.408856064081192
0,1693,0.8067305088043213,0.5135542154312134,0.2931762933731079
0,1694,1.6672959327697754,1.1330790519714355,0.5342169404029846
0,1695,0.8193207383155823,0.47762608528137207,0.3416946530342102
0,1696,0.9515715837478638,0.47211912274360657,0.4794524312019348
0,1697,1.0207531452178955,0.7930841445922852,0.22766903042793274
0,1698,0.7186164855957031,0.46764254570007324,0.2509739398956299
0,1699,0.6843734979629517,0.390217125415802,0.29415634274482727
0,1700,0.8106623291969299,0.5400155186653137,0.2706468105316162
0,1701,0.7012932300567627,0.39288532733917236,0.30840787291526794
0,1702,0.8098262548446655,0.4647621810436249,0.34506410360336304
0,1703,0.8105815649032593,0.45220789313316345,0.35837364196777344
0,1704,0.8057854175567627,0.5776040554046631,0.22818133234977722
0,1705,1.0332131385803223,0.6993058323860168,0.33390727639198303
0,1706,0.7433762550354004,0.5510914325714111,0.19228479266166687
0,1707,1.0646488666534424,0.6586564779281616,0.40599241852760315
0,1708,0.9770248532295227,0.6297250986099243,0.3472997546195984
0,1709,1.3698539733886719,0.8180672526359558,0.5517867803573608
0,1710,0.9228417873382568,0.6314465403556824,0.29139524698257446
0,1711,1.025469183921814,0.6024993658065796,0.4229698181152344
0,1712,0.7621446251869202,0.43044835329055786,0.3316962718963623
0,1713,1.0191328525543213,0.7092887163162231,0.3098441958427429
0,1714,1.1695889234542847,0.727329432964325,0.44225946068763733
0,1715,0.7564657926559448,0.4700886607170105,0.28637710213661194
0,1716,0.8646225929260254,0.45872512459754944,0.40589749813079834
0,1717,1.0579249858856201,0.6347339153289795,0.42319101095199585
0,1718,0.9460774660110474,0.38829195499420166,0.5577855110168457
0,1719,0.8965272903442383,0.441412091255188,0.4551151990890503
0,1720,1.2596096992492676,0.7504698634147644,0.5091398358345032
0,1721,1.2469420433044434,0.9532896280288696,0.29365241527557373
0,1722,0.8860031962394714,0.5363517999649048,0.34965139627456665
0,1723,0.8746601343154907,0.5480321049690247,0.32662802934646606
0,1724,1.3474559783935547,0.9636638164520264,0.3837921619415283
0,1725,1.0756254196166992,0.7415229678153992,0.33410245180130005
0,1726,1.3511736392974854,0.937308669090271,0.4138649106025696
0,1727,1.1960008144378662,0.8383156061172485,0.3576851487159729
0,1728,1.3042106628417969,0.9327280521392822,0.3714825510978699
0,1729,1.0929129123687744,0.7848039865493774,0.3081088662147522
0,1730,0.9152141213417053,0.6594505310058594,0.25576359033584595
0,1731,0.9845250844955444,0.6482869386672974,0.33623814582824707
0,1732,0.912203311920166,0.6521751880645752,0.26002809405326843
0,1733,1.1467013359069824,0.6003958582878113,0.5463054180145264
0,1734,0.9658644795417786,0.6950883865356445,0.27077609300613403
0,1735,1.033511996269226,0.6801135540008545,0.3533984124660492
0,1736,0.837430477142334,0.5093711018562317,0.3280593752861023
0,1737,1.184635877609253,0.6678270101547241,0.5168088674545288
0,1738,0.9607893228530884,0.6100167036056519,0.3507726192474365
0,1739,0.6417638063430786,0.44172802567481995,0.20003581047058105
0,1740,0.9643620252609253,0.586790919303894,0.37757113575935364
0,1741,0.9326122403144836,0.5584464073181152,0.3741658329963684
0,1742,1.012736201286316,0.6223666071891785,0.39036959409713745
0,1743,0.9732604622840881,0.5527292490005493,0.4205312132835388
0,1744,0.9735291004180908,0.6309225559234619,0.3426065146923065
0,1745,0.7935537695884705,0.5832507610321045,0.21030302345752716
0,1746,0.7813857793807983,0.47242194414138794,0.3089638352394104
0,1747,1.2761874198913574,0.8718725442886353,0.4043148159980774
0,1748,0.9022501707077026,0.5418863892555237,0.36036378145217896
0,1749,1.2216671705245972,0.5715296864509583,0.6501374840736389
0,1750,0.9564508199691772,0.5721049308776855,0.3843458890914917
0,1751,0.80887770652771,0.5345715284347534,0.27430614829063416
0,1752,0.8196439146995544,0.45094138383865356,0.3687025308609009
0,1753,0.6606808304786682,0.333118736743927,0.3275620937347412
0,1754,0.7960400581359863,0.42158785462379456,0.3744521737098694
0,1755,0.8024629354476929,0.44067925214767456,0.3617836833000183
0,1756,1.0462089776992798,0.7008765339851379,0.34533247351646423
0,1757,0.6074169874191284,0.3693785071372986,0.23803845047950745
0,1758,1.0871469974517822,0.6893881559371948,0.3977587819099426
0,1759,0.7340037822723389,0.4019286632537842,0.3320751190185547
0,1760,1.172545313835144,0.7790395617485046,0.3935057520866394
0,1761,1.0001810789108276,0.5565047264099121,0.44367632269859314
0,1762,0.678036093711853,0.3202739357948303,0.3577621281147003
0,1763,1.1107666492462158,0.8291276097297668,0.281639039516449
0,1764,0.7888874411582947,0.46844494342803955,0.3204424977302551
0,1765,0.9540422558784485,0.5280708074569702,0.42597144842147827
0,1766,1.1976946592330933,0.6718941926956177,0.5258004665374756
0,1767,0.932416558265686,0.6351168155670166,0.29729974269866943
0,1768,0.7014469504356384,0.40633267164230347,0.29511427879333496
0,1769,0.9158774018287659,0.5606440305709839,0.355233371257782
0,1770,0.8687947988510132,0.44298383593559265,0.42581093311309814
0,1771,0.9185073971748352,0.5631582736968994,0.3553491234779358
0,1772,0.9007729887962341,0.501472532749176,0.3993004560470581
0,1773,1.624466896057129,1.064086675643921,0.5603801608085632
0,1774,0.9526069164276123,0.503512442111969,0.4490944743156433
0,1775,0.9476523995399475,0.6689426302909851,0.2787097692489624
0,1776,0.9064826965332031,0.6110097765922546,0.2954729497432709
0,1777,0.8627946376800537,0.6507389545440674,0.21205565333366394
0,1778,1.1202820539474487,0.6349570155143738,0.48532503843307495
0,1779,1.396668553352356,0.8956019878387451,0.5010665655136108
0,1780,0.9937474131584167,0.6371275186538696,0.3566198945045471
0,1781,0.946166455745697,0.5867060422897339,0.35946041345596313
0,1782,0.814877450466156,0.4825289249420166,0.3323485255241394
0,1783,1.1625638008117676,0.7580498456954956,0.404513955116272
0,1784,0.8280514478683472,0.5420833826065063,0.2859680652618408
0,1785,1.1454439163208008,0.6983238458633423,0.44712013006210327
0,1786,0.8916747570037842,0.6137675046920776,0.27790728211402893
0,1787,1.499197244644165,0.9975436925888062,0.5016535520553589
0,1788,0.8067965507507324,0.4669291377067566,0.33986738324165344
0,1789,0.8806148767471313,0.5866403579711914,0.29397451877593994
0,1790,0.921662449836731,0.5469757318496704,0.37468671798706055
0,1791,0.7607405185699463,0.5054712891578674,0.25526922941207886
0,1792,0.9760484099388123,0.6351627111434937,0.3408856987953186
0,1793,0.9573178887367249,0.6268212795257568,0.330496609210968
0,1794,1.06565260887146,0.6646155118942261,0.4010370373725891
0,1795,0.7972939014434814,0.4694584012031555,0.3278355300426483
0,1796,1.0471000671386719,0.5746539235115051,0.47244611382484436
0,1797,0.8538516759872437,0.4936538338661194,0.36019784212112427
0,1798,0.7617213726043701,0.4629361629486084,0.2987852394580841
0,1799,0.7697058916091919,0.4568476378917694,0.3128582835197449
0,1800,0.8387933969497681,0.5117518305778503,0.32704153656959534
0,1801,0.7705870866775513,0.5704031586647034,0.2001839429140091
0,1802,0.824731707572937,0.6000896692276001,0.22464203834533691
0,1803,0.928569495677948,0.5402461290359497,0.3883233666419983
0,1804,1.0239665508270264,0.6114791631698608,0.4124874472618103
0,1805,0.851995587348938,0.48316794633865356,0.3688276410102844
0,1806,0.6852689981460571,0.3702402710914612,0.31502872705459595
0,1807,0.8896349668502808,0.5007580518722534,0.38887688517570496
0,1808,1.0797820091247559,0.6077289581298828,0.4720531105995178
0,1809,1.2288405895233154,0.7015457153320312,0.527294933795929
0,1810,0.9782460331916809,0.559861421585083,0.4183846116065979
0,1811,0.6935951709747314,0.3834487795829773,0.31014639139175415
0,1812,0.7707467079162598,0.4602969288825989,0.3104497790336609
0,1813,0.9338512420654297,0.5775042176246643,0.3563470244407654
0,1814,1.0016236305236816,0.665457010269165,0.3361666798591614
0,1815,0.837550163269043,0.46826303005218506,0.3692871332168579
0,1816,0.8655749559402466,0.5010253190994263,0.3645496368408203
0,1817,0.8178247213363647,0.4635690450668335,0.35425567626953125
0,1818,0.7660860419273376,0.4076158404350281,0.35847020149230957
0,1819,0.7354230880737305,0.38636624813079834,0.3490568697452545
0,1820,0.9976679086685181,0.5728127360343933,0.42485517263412476
0,1821,0.9531197547912598,0.4537501335144043,0.49936962127685547
0,1822,0.8895423412322998,0.5424394607543945,0.3471028804779053
0,1823,0.7935788631439209,0.46768298745155334,0.32589587569236755
0,1824,0.8592157363891602,0.5202510356903076,0.33896467089653015
0,1825,0.707042932510376,0.43644988536834717,0.2705930471420288
0,1826,0.7947927713394165,0.5348554849624634,0.25993725657463074
0,1827,0.8262956142425537,0.42075419425964355,0.40554144978523254
0,1828,0.8829586505889893,0.4240640103816986,0.45889467000961304
0,1829,1.237581491470337,0.8705592155456543,0.36702221632003784
0,1830,1.0137063264846802,0.6194618940353394,0.3942444622516632
0,1831,0.9490588307380676,0.5725974440574646,0.376461386680603
0,1832,0.6944094300270081,0.3813043236732483,0.31310510635375977
0,1833,1.0915127992630005,0.6710054874420166,0.4205072820186615
0,1834,1.080862283706665,0.5618646740913391,0.5189976692199707
0,1835,1.044358491897583,0.5907986760139465,0.4535597562789917
0,1836,0.7496940493583679,0.4548664391040802,0.2948276102542877
0,1837,0.9066352248191833,0.5318731069564819,0.3747621178627014
0,1838,0.6903684735298157,0.3930697441101074,0.29729872941970825
0,1839,0.997959315776825,0.614349365234375,0.38360995054244995
0,1840,1.0605697631835938,0.41379302740097046,0.6467767953872681
0,1841,0.697506308555603,0.37931180000305176,0.3181944787502289
0,1842,1.1504530906677246,0.6534867286682129,0.4969663619995117
0,1843,0.8043750524520874,0.43959981203079224,0.36477524042129517
0,1844,0.7867777347564697,0.48424798250198364,0.30252978205680847
0,1845,0.7009357810020447,0.4666833281517029,0.2342524528503418
0,1846,0.767439603805542,0.4008822441101074,0.36655735969543457
0,1847,0.7512282133102417,0.4366950988769531,0.3145330846309662
0,1848,0.7216267585754395,0.4610588550567627,0.26056793332099915
0,1849,0.8712088465690613,0.47961676120758057,0.3915920853614807
0,1850,0.7441162467002869,0.44167661666870117,0.3024396300315857
0,1851,0.5458499193191528,0.33473894000053406,0.2111109495162964
0,1852,0.916863203048706,0.5471088886260986,0.3697543144226074
0,1853,0.6946219801902771,0.3761991858482361,0.318422794342041
0,1854,0.8713563680648804,0.5165213346481323,0.35483500361442566
0,1855,1.087385654449463,0.6864394545555115,0.4009461998939514
0,1856,1.020575761795044,0.6824018359184265,0.33817392587661743
0,1857,0.9175156950950623,0.5616718530654907,0.35584384202957153
0,1858,0.8429782390594482,0.5166624188423157,0.32631582021713257
0,1859,0.5171170830726624,0.24421948194503784,0.2728976011276245
0,1860,0.9241523742675781,0.5825909972190857,0.3415614068508148
0,1861,0.7135162353515625,0.4786726236343384,0.23484358191490173
0,1862,0.8670685291290283,0.4734905958175659,0.3935779333114624
0,1863,1.0662205219268799,0.6111553311347961,0.45506516098976135
0,1864,0.5969939231872559,0.3434220552444458,0.25357183814048767
0,1865,0.7692970633506775,0.4159699082374573,0.3533271551132202
0,1866,1.0465775728225708,0.6406978368759155,0.40587976574897766
0,1867,0.652497410774231,0.3812186121940613,0.2712787985801697
0,1868,1.2056491374969482,0.7628575563430786,0.44279158115386963
0,1869,0.7029709219932556,0.45303449034690857,0.24993641674518585
0,1870,1.0353715419769287,0.6702178716659546,0.3651537299156189
0,1871,0.8161904811859131,0.4476105272769928,0.3685799241065979
0,1872,1.1302156448364258,0.6597171425819397,0.4704985022544861
0,1873,1.0534714460372925,0.5739657878875732,0.4795056879520416
0,1874,0.8908302783966064,0.5305614471435547,0.36026880145072937
0,1875,0.9085017442703247,0.5383933186531067,0.370108425617218
0,1876,0.7752771377563477,0.43191176652908325,0.3433654010295868
0,1877,0.8111683130264282,0.49473637342453003,0.3164319396018982
0,1878,1.0064976215362549,0.6915159225463867,0.31498169898986816
0,1879,0.9841098189353943,0.6930218935012817,0.29108792543411255
0,1880,1.0400824546813965,0.6226959228515625,0.41738656163215637
0,1881,1.0373598337173462,0.627721905708313,0.4096379280090332
0,1882,1.323058843612671,0.8430660963058472,0.4799928069114685
0,1883,0.6833435297012329,0.3703271150588989,0.313016414642334
0,1884,0.7230455875396729,0.3594009280204773,0.36364465951919556
0,1885,0.9106586575508118,0.4667056202888489,0.4439530372619629
0,1886,0.6544902920722961,0.44019263982772827,0.21429766714572906
0,1887,0.7564116716384888,0.4551481604576111,0.3012635409832001
0,1888,0.7602199912071228,0.4271557927131653,0.3330641984939575
0,1889,0.6898953914642334,0.36565858125686646,0.32423681020736694
0,1890,0.9409930109977722,0.4935581684112549,0.44743484258651733
0,1891,0.7996073365211487,0.448421835899353,0.35118550062179565
0,1892,0.9547948837280273,0.5734182596206665,0.38137659430503845
0,1893,0.6966899633407593,0.38299471139907837,0.3136952519416809
0,1894,0.7563086152076721,0.41852882504463196,0.33777979016304016
0,1895,0.770962119102478,0.399755597114563,0.37120652198791504
0,1896,1.1225388050079346,0.651755690574646,0.4707831144332886
0,1897,0.7371597290039062,0.43497520685195923,0.302184522151947
0,1898,0.8045084476470947,0.5164272785186768,0.2880811393260956
0,1899,0.94411700963974,0.6080283522605896,0.3360886573791504
0,1900,0.8389551639556885,0.4976225197315216,0.34133267402648926
0,1901,0.5647357702255249,0.33044397830963135,0.23429179191589355
0,1902,0.8092770576477051,0.45427122712135315,0.35500580072402954
0,1903,0.8929224014282227,0.6727380752563477,0.220184326171875
0,1904,1.108492374420166,0.7300050258636475,0.37848731875419617
0,1905,0.7934136986732483,0.5121906399726868,0.2812230587005615
0,1906,0.6551824808120728,0.44199877977371216,0.2131836712360382
0,1907,1.230716586112976,0.8154411315917969,0.4152754545211792
0,1908,1.412001132965088,1.0153065919876099,0.396694540977478
0,1909,0.862301230430603,0.5006048679351807,0.3616963326931
0,1910,0.8432163000106812,0.559086799621582,0.2841295003890991
0,1911,0.607291579246521,0.3576993942260742,0.24959221482276917
0,1912,1.141135811805725,0.5925545692443848,0.5485812425613403
0,1913,0.8985826373100281,0.5928308963775635,0.3057517409324646
0,1914,0.765945315361023,0.4649803638458252,0.30096495151519775
0,1915,0.8393955826759338,0.5631105899810791,0.27628499269485474
0,1916,1.0771965980529785,0.6280571818351746,0.44913938641548157
0,1917,1.0866174697875977,0.6496350765228271,0.43698233366012573
0,1918,0.9496126770973206,0.49443280696868896,0.4551798701286316
0,1919,0.9722097516059875,0.5574906468391418,0.4147191047668457
0,1920,0.941887617111206,0.5240704417228699,0.4178171753883362
0,1921,1.0988905429840088,0.7572566270828247,0.3416338860988617
0,1922,1.375756025314331,0.803019106388092,0.5727368593215942
0,1923,0.9278547167778015,0.6284126043319702,0.2994421124458313
0,1924,0.904434323310852,0.5396909713745117,0.36474332213401794
0,1925,0.868022084236145,0.4686484932899475,0.3993735909461975
0,1926,0.9245736002922058,0.5702794790267944,0.3542941212654114
0,1927,0.9053314924240112,0.5771141052246094,0.32821738719940186
0,1928,0.8309482932090759,0.49567466974258423,0.3352736234664917
0,1929,0.668382465839386,0.470620334148407,0.197762131690979
0,1930,0.5780411958694458,0.4027930200099945,0.17524820566177368
0,1931,0.8300764560699463,0.5065526366233826,0.3235238194465637
0,1932,0.6851389408111572,0.4236060678958893,0.26153290271759033
0,1933,0.7887284755706787,0.46621400117874146,0.32251450419425964
0,1934,0.8750923871994019,0.5504123568534851,0.32468006014823914
0,1935,0.8522934913635254,0.5010472536087036,0.3512462377548218
0,1936,0.7147963643074036,0.3437059223651886,0.37109044194221497
0,1937,1.2337775230407715,0.675247848033905,0.5585297346115112
0,1938,1.0323643684387207,0.6861660480499268,0.34619826078414917
0,1939,0.9768919348716736,0.47734004259109497,0.4995518922805786
0,1940,1.1598020792007446,0.7599359750747681,0.39986610412597656
0,1941,0.6270842552185059,0.33949291706085205,0.2875913381576538
0,1942,0.6962906122207642,0.3823143541812897,0.3139762580394745
0,1943,0.7140094041824341,0.4400707483291626,0.27393868565559387
0,1944,1.1031553745269775,0.7988371849060059,0.3043181896209717
0,1945,1.0319697856903076,0.5939873456954956,0.4379824995994568
0,1946,0.8486875891685486,0.5369446277618408,0.31174296140670776
0,1947,1.0627493858337402,0.7429519891738892,0.3197973668575287
0,1948,0.9078529477119446,0.54949951171875,0.3583534359931946
0,1949,0.9107334017753601,0.5003909468650818,0.4103424549102783
0,1950,0.7696228623390198,0.4661714434623718,0.30345141887664795
0,1951,1.2034871578216553,0.5927999019622803,0.6106871962547302
0,1952,0.7932502031326294,0.4040384888648987,0.3892116844654083
0,1953,0.7659187316894531,0.507577657699585,0.25834110379219055
0,1954,0.8048112392425537,0.48758572340011597,0.31722551584243774
0,1955,0.9632155299186707,0.6695129871368408,0.29370254278182983
0,1956,0.7072975635528564,0.36344751715660095,0.3438500165939331
0,1957,0.7318353652954102,0.48592984676361084,0.24590551853179932
0,1958,0.905951976776123,0.40007367730140686,0.5058783292770386
0,1959,0.9161732196807861,0.4949553310871124,0.4212178587913513
0,1960,1.3636364936828613,0.8017932176589966,0.5618432760238647
0,1961,0.7720984220504761,0.36349982023239136,0.40859857201576233
0,1962,1.0066380500793457,0.6524467468261719,0.35419124364852905
0,1963,0.9237829446792603,0.5208730697631836,0.40290987491607666
0,1964,0.7397094368934631,0.412264347076416,0.3274450898170471
0,1965,0.9381248950958252,0.5128547549247742,0.42527011036872864
0,1966,0.94627445936203,0.4821995794773102,0.46407487988471985
0,1967,0.7756117582321167,0.3890647292137146,0.3865469992160797
0,1968,0.6133421659469604,0.3045061528682709,0.3088359832763672
0,1969,0.7499857544898987,0.44804272055625916,0.3019430339336395
0,1970,1.0414464473724365,0.5325500965118408,0.5088964104652405
0,1971,0.7744202017784119,0.4649614691734314,0.30945873260498047
0,1972,0.8737132549285889,0.5002410411834717,0.3734722137451172
0,1973,0.7484868764877319,0.5726921558380127,0.17579473555088043
0,1974,0.7385990619659424,0.37465181946754456,0.3639472723007202
0,1975,0.8730788230895996,0.4662207365036011,0.4068581163883209
0,1976,0.9522286057472229,0.4978037476539612,0.4544248580932617
0,1977,0.9120441675186157,0.4744147062301636,0.43762946128845215
0,1978,1.1721642017364502,0.6936905980110168,0.47847360372543335
0,1979,0.9156196117401123,0.534447431564331,0.38117215037345886
0,1980,0.9336154460906982,0.5773653388023376,0.3562500774860382
0,1981,0.9803270101547241,0.5768998861312866,0.4034271240234375
0,1982,0.6668330430984497,0.33488476276397705,0.33194828033447266
0,1983,0.7368168830871582,0.4604758024215698,0.2763410806655884
0,1984,0.8385971188545227,0.4829850196838379,0.3556120991706848
0,1985,0.9343263506889343,0.49497008323669434,0.43935626745224
0,1986,0.8103724718093872,0.4998919367790222,0.3104805052280426
0,1987,1.0164626836776733,0.5702846646308899,0.44617801904678345
0,1988,0.6143366098403931,0.2865203320980072,0.3278162479400635
0,1989,0.7810890078544617,0.3959468603134155,0.38514214754104614
0,1990,1.0427241325378418,0.5311944484710693,0.5115296840667725
0,1991,0.8137239813804626,0.5004458427429199,0.3132781386375427
0,1992,1.0476901531219482,0.7302232980728149,0.3174667954444885
0,1993,0.6689040660858154,0.29686054587364197,0.37204355001449585
0,1994,0.6967942714691162,0.43109646439552307,0.2656978368759155
0,1995,1.038074016571045,0.5735694169998169,0.46450453996658325
0,1996,1.148842692375183,0.741841733455658,0.40700095891952515
0,1997,0.7187723517417908,0.37583044171333313,0.34294191002845764
0,1998,1.0275564193725586,0.6792432069778442,0.34831327199935913
0,1999,0.9791243076324463,0.6103861331939697,0.36873820424079895
0,2000,0.7276898622512817,0.4831298291683197,0.24456006288528442
0,2001,0.8285266160964966,0.5551673173904419,0.2733592987060547
0,2002,0.7470784187316895,0.45435434579849243,0.2927241027355194
0,2003,0.9327039122581482,0.5587015151977539,0.3740023970603943
0,2004,0.6308008432388306,0.3002047836780548,0.33059602975845337
0,2005,0.706727147102356,0.41331279277801514,0.2934143543243408
0,2006,0.7255356311798096,0.41577664017677307,0.3097590208053589
0,2007,0.6488143801689148,0.3916962444782257,0.2571181356906891
0,2008,0.7000009417533875,0.30837002396583557,0.3916309177875519
0,2009,1.0621066093444824,0.6240274906158447,0.4380790591239929
0,2010,0.7637697458267212,0.4533545970916748,0.310415118932724
0,2011,0.7180576920509338,0.36767762899398804,0.3503800630569458
0,2012,0.7833119034767151,0.46283841133117676,0.32047349214553833
0,2013,0.6521821022033691,0.4477434754371643,0.20443862676620483
0,2014,0.5586325526237488,0.2521058917045593,0.30652666091918945
0,2015,0.9953176379203796,0.5703413486480713,0.42497628927230835
0,2016,0.7213625907897949,0.43918007612228394,0.2821824848651886
0,2017,0.6476638317108154,0.32834112644195557,0.31932273507118225
0,2018,0.704680860042572,0.43965744972229004,0.265023410320282
0,2019,1.0969761610031128,0.6508870124816895,0.4460891783237457
0,2020,1.0551961660385132,0.5766804218292236,0.47851574420928955
0,2021,0.7395595908164978,0.3811240792274475,0.3584355115890503
0,2022,0.901979923248291,0.560415506362915,0.341564416885376
0,2023,0.9872863292694092,0.568804144859314,0.4184821546077728
0,2024,0.9511691927909851,0.5605260133743286,0.3906431794166565
0,2025,0.49257269501686096,0.24230313301086426,0.2502695620059967
0,2026,0.8805495500564575,0.5105072855949402,0.37004226446151733
0,2027,0.6262608170509338,0.4026033580303192,0.22365745902061462
0,2028,0.94195556640625,0.5116966962814331,0.4302588701248169
0,2029,0.8972182273864746,0.4855724275112152,0.4116457998752594
0,2030,0.8491048216819763,0.46096163988113403,0.3881431818008423
0,2031,0.7035365700721741,0.3423728346824646,0.3611637353897095
0,2032,0.8086717128753662,0.45158112049102783,0.357090562582016
0,2033,0.6353830099105835,0.3227980434894562,0.3125849962234497
0,2034,1.026487112045288,0.5196102857589722,0.5068767666816711
0,2035,1.018984079360962,0.7221730947494507,0.2968110144138336
0,2036,0.9006034731864929,0.48114466667175293,0.41945880651474
0,2037,0.791842520236969,0.48253297805786133,0.30930954217910767
0,2038,0.8046857118606567,0.4745769798755646,0.33010876178741455
0,2039,1.0779297351837158,0.779733419418335,0.29819628596305847
0,2040,0.8173825740814209,0.4560924768447876,0.3612901270389557
0,2041,0.6650401949882507,0.3407202959060669,0.32431989908218384
0,2042,0.9715489745140076,0.4981945753097534,0.47335439920425415
0,2043,0.7284848690032959,0.42274010181427,0.3057447373867035
0,2044,0.7430526614189148,0.3625712990760803,0.3804813623428345
0,2045,1.000698208808899,0.5414589643478394,0.4592392146587372
0,2046,0.6029520034790039,0.3452255427837372,0.2577264606952667
0,2047,0.9962358474731445,0.5476071238517761,0.448628693819046
0,2048,0.7229704260826111,0.4218735098838806,0.30109691619873047
0,2049,0.7454549670219421,0.4258165955543518,0.31963837146759033
0,2050,0.673628568649292,0.3851749300956726,0.2884536385536194
0,2051,0.7429484128952026,0.3875892758369446,0.35535913705825806
0,2052,0.9619519710540771,0.46843740344047546,0.4935145676136017
0,2053,0.6832888126373291,0.41481316089630127,0.26847565174102783
0,2054,0.8246797323226929,0.39341121912002563,0.43126851320266724
0,2055,0.8448382019996643,0.4328015446662903,0.412036657333374
0,2056,0.9064614772796631,0.49390482902526855,0.41255664825439453
0,2057,0.9118872880935669,0.5291386842727661,0.3827486038208008
0,2058,0.7611335515975952,0.47453659772872925,0.28659695386886597
0,2059,0.8539527654647827,0.4827660322189331,0.3711867332458496
0,2060,0.7538608312606812,0.4780908524990082,0.2757699489593506
0,2061,0.6663687229156494,0.3769156336784363,0.2894531190395355
0,2062,0.8486168384552002,0.438998281955719,0.4096185564994812
0,2063,1.2505578994750977,0.7637637853622437,0.486794114112854
0,2064,1.0021458864212036,0.5956460237503052,0.4064998924732208
0,2065,0.836663007736206,0.46677321195602417,0.3698898255825043
0,2066,1.199992299079895,0.6629332304000854,0.5370590686798096
0,2067,0.8803648352622986,0.6131786108016968,0.2671862244606018
0,2068,0.5635621547698975,0.3914676904678345,0.172094464302063
0,2069,0.7824046611785889,0.4744494557380676,0.30795517563819885
0,2070,0.6757722496986389,0.4488056004047394,0.22696664929389954
0,2071,0.6933351755142212,0.32595717906951904,0.36737799644470215
0,2072,0.5532898902893066,0.29637011885643005,0.256919801235199
0,2073,0.8580742478370667,0.4823244512081146,0.375749796628952
0,2074,0.957135021686554,0.5125346779823303,0.44460034370422363
0,2075,0.782899022102356,0.3873811960220337,0.39551782608032227
0,2076,0.7656287550926208,0.41411131620407104,0.3515174388885498
0,2077,0.6219803094863892,0.3401021957397461,0.28187811374664307
0,2078,1.175014615058899,0.7414336204528809,0.43358102440834045
0,2079,0.9482587575912476,0.491875022649765,0.45638370513916016
0,2080,0.9323346614837646,0.6207537651062012,0.3115808665752411
0,2081,1.298583745956421,0.9435563087463379,0.355027437210083
0,2082,0.8277292251586914,0.5440848469734192,0.28364434838294983
0,2083,0.7093042135238647,0.4160297214984894,0.293274462223053
0,2084,0.9280666708946228,0.561369776725769,0.36669689416885376
0,2085,0.7979382872581482,0.4582853317260742,0.339652955532074
0,2086,0.967208743095398,0.5635526180267334,0.40365615487098694
0,2087,0.8436837792396545,0.482490599155426,0.3611931800842285
0,2088,0.9106194376945496,0.543071985244751,0.3675474524497986
0,2089,0.6237893104553223,0.3560123145580292,0.2677769958972931
0,2090,0.8534949421882629,0.5133205652236938,0.3401743769645691
0,2091,0.6855167150497437,0.44751033186912537,0.2380063533782959
0,2092,1.0034568309783936,0.6099103093147278,0.393546462059021
0,2093,0.8807644248008728,0.550459086894989,0.3303053379058838
0,2094,0.864417314529419,0.508743941783905,0.35567334294319153
0,2095,0.7950886487960815,0.4339427351951599,0.36114591360092163
0,2096,0.8729870319366455,0.5323176383972168,0.3406693637371063
0,2097,0.8041747212409973,0.40267783403396606,0.40149688720703125
0,2098,0.8070780038833618,0.5246846079826355,0.28239336609840393
0,2099,0.7696355581283569,0.4542976915836334,0.3153378963470459
0,2100,1.3275902271270752,0.7473095059394836,0.5802807211875916
0,2101,0.8405241370201111,0.3590562343597412,0.4814679026603699
0,2102,0.8756334185600281,0.5371383428573608,0.33849507570266724
0,2103,0.9251005053520203,0.5618771910667419,0.3632233142852783
0,2104,0.7856451869010925,0.3942211866378784,0.3914240002632141
0,2105,0.5246573686599731,0.26140257716178894,0.2632547616958618
0,2106,1.105743646621704,0.6551361083984375,0.4506075084209442
0,2107,0.6343501806259155,0.370857298374176,0.2634929120540619
0,2108,1.1247611045837402,0.6807998418807983,0.4439612627029419
0,2109,0.6887159943580627,0.39988887310028076,0.288827121257782
0,2110,0.836556077003479,0.39874267578125,0.4378133714199066
0,2111,0.7473572492599487,0.3645137548446655,0.3828434944152832
0,2112,0.739605188369751,0.40072101354599,0.338884174823761
0,2113,0.8816487789154053,0.49611812829971313,0.38553065061569214
0,2114,0.8243007659912109,0.40317824482917786,0.4211225211620331
0,2115,0.6732618808746338,0.38683807849884033,0.28642377257347107
0,2116,0.758625864982605,0.47586336731910706,0.2827625274658203
0,2117,1.1373693943023682,0.5844978094100952,0.552871584892273
0,2118,0.6610169410705566,0.36851611733436584,0.2925007939338684
0,2119,0.6954639554023743,0.37534385919570923,0.32012009620666504
0,2120,0.9554535746574402,0.6005792617797852,0.35487431287765503
0,2121,0.8868860602378845,0.5474022626876831,0.3394837975502014
0,2122,1.2520668506622314,0.8440831899642944,0.4079836308956146
0,2123,0.9938409924507141,0.5874873995780945,0.40635359287261963
0,2124,0.6679565906524658,0.3718421459197998,0.296114444732666
0,2125,0.8331427574157715,0.5109229683876038,0.3222198188304901
0,2126,0.9854394197463989,0.6323686242103577,0.35307076573371887
0,2127,0.7082210779190063,0.32655176520347595,0.381669282913208
0,2128,0.9869617223739624,0.5700101852416992,0.4169515371322632
0,2129,0.8396211266517639,0.5809416174888611,0.25867950916290283
0,2130,0.6372665166854858,0.32737481594085693,0.3098917007446289
0,2131,0.8476877808570862,0.5077245235443115,0.33996325731277466
0,2132,0.968103289604187,0.589461088180542,0.3786422312259674
0,2133,1.0093244314193726,0.7058662176132202,0.30345824360847473
0,2134,1.1756683588027954,0.7855087518692017,0.39015963673591614
0,2135,0.7698220014572144,0.3775891661643982,0.39223286509513855
0,2136,0.9084755778312683,0.48535436391830444,0.42312121391296387
0,2137,0.7627477645874023,0.41909918189048767,0.34364861249923706
0,2138,0.7924732565879822,0.39422810077667236,0.3982451558113098
0,2139,0.8729286193847656,0.6192958354949951,0.2536327540874481
0,2140,1.0041544437408447,0.5884217023849487,0.4157327711582184
0,2141,0.7432856559753418,0.45039623975753784,0.29288944602012634
0,2142,0.8318251371383667,0.4327290952205658,0.3990960121154785
0,2143,1.1764434576034546,0.573292076587677,0.6031513810157776
0,2144,0.7014768123626709,0.415719211101532,0.2857576012611389
0,2145,0.7456722259521484,0.42600664496421814,0.3196655511856079
0,2146,0.6173285245895386,0.37102222442626953,0.24630627036094666
0,2147,1.1089849472045898,0.6002117991447449,0.5087732076644897
0,2148,0.7184649705886841,0.4355356693267822,0.28292927145957947
0,2149,0.7882949113845825,0.48312652111053467,0.30516839027404785
0,2150,0.7900236248970032,0.4800525903701782,0.30997103452682495
0,2151,1.2725927829742432,0.6922757625579834,0.580316960811615
0,2152,0.8923838138580322,0.48630642890930176,0.40607738494873047
0,2153,0.6669213771820068,0.3537529706954956,0.31316840648651123
0,2154,0.6932211518287659,0.3262975811958313,0.36692357063293457
0,2155,0.7134872674942017,0.37257567048072815,0.3409115672111511
0,2156,0.8678728938102722,0.4775700867176056,0.3903028070926666
0,2157,0.6727331280708313,0.3400954604148865,0.3326376676559448
0,2158,0.6564677953720093,0.33395373821258545,0.32251405715942383
0,2159,0.5514100790023804,0.26130926609039307,0.2901008427143097
0,2160,0.8530370593070984,0.49671393632888794,0.35632312297821045
0,2161,0.8274439573287964,0.45194149017333984,0.37550243735313416
0,2162,0.7644617557525635,0.43537837266921997,0.3290833532810211
0,2163,1.3501094579696655,0.9324155449867249,0.4176939129829407
0,2164,0.7725934982299805,0.4521196782588959,0.320473849773407
0,2165,1.238713264465332,0.8230182528495789,0.41569507122039795
0,2166,0.7662966251373291,0.48959511518478394,0.27670150995254517
0,2167,0.9745033979415894,0.5956181883811951,0.3788852095603943
0,2168,0.6682477593421936,0.38907578587532043,0.27917197346687317
0,2169,0.8349982500076294,0.46836161613464355,0.36663660407066345
0,2170,0.9924757480621338,0.6133347153663635,0.37914103269577026
0,2171,0.7096930742263794,0.44436097145080566,0.26533210277557373
0,2172,0.9808564782142639,0.5291094779968262,0.45174700021743774
0,2173,0.6841545104980469,0.34609341621398926,0.3380610942840576
0,2174,0.8370241522789001,0.5174195766448975,0.3196045756340027
0,2175,0.8676217794418335,0.5441965460777283,0.3234252333641052
0,2176,0.8097026944160461,0.5253177881240845,0.28438490629196167
0,2177,1.1040153503417969,0.588979184627533,0.5150361657142639
0,2178,0.8571220636367798,0.38839399814605713,0.46872806549072266
0,2179,1.8185335397720337,1.2114415168762207,0.607092022895813
0,2180,0.8592449426651001,0.4879855513572693,0.3712593615055084
0,2181,0.9856215715408325,0.6428935527801514,0.34272804856300354
0,2182,0.6505186557769775,0.39088940620422363,0.2596292793750763
0,2183,1.0801928043365479,0.7840807437896729,0.2961121201515198
0,2184,1.0514050722122192,0.7034974098205566,0.3479076623916626
0,2185,1.0789830684661865,0.8194664120674133,0.2595166862010956
0,2186,1.2276151180267334,0.9000165462493896,0.32759857177734375
0,2187,0.9963222742080688,0.646195650100708,0.3501266539096832
0,2188,0.8475370407104492,0.5368169546127319,0.3107200860977173
0,2189,0.6978485584259033,0.4594249725341797,0.23842361569404602
0,2190,0.7825428247451782,0.48439452052116394,0.2981482744216919
0,2191,1.5293803215026855,1.0545103549957275,0.474869966506958
0,2192,0.9278712272644043,0.5623313188552856,0.36553990840911865
0,2193,0.9488470554351807,0.6647202968597412,0.28412675857543945
0,2194,0.6980648040771484,0.40395742654800415,0.2941073775291443
0,2195,0.8546847105026245,0.4666457772254944,0.3880389332771301
0,2196,0.9126014709472656,0.5499414205551147,0.3626600503921509
0,2197,0.7316892147064209,0.3775002956390381,0.3541889190673828
0,2198,0.997582197189331,0.404158353805542,0.5934238433837891
0,2199,0.9419784545898438,0.597002387046814,0.3449760675430298
0,2200,1.2431659698486328,0.6527364253997803,0.5904295444488525
0,2201,1.193786382675171,0.7186124324798584,0.4751739501953125
0,2202,0.8809356093406677,0.4503055214881897,0.430630087852478
0,2203,0.9113552570343018,0.480806827545166,0.43054842948913574
0,2204,0.7744250297546387,0.5161322951316833,0.2582927346229553
0,2205,0.9802297949790955,0.587680459022522,0.3925493359565735
0,2206,0.9278237819671631,0.5598421692848206,0.36798161268234253
0,2207,0.7409353256225586,0.39312422275543213,0.34781110286712646
0,2208,0.6603753566741943,0.3625591993331909,0.2978161573410034
0,2209,0.5943894386291504,0.34323960542678833,0.25114983320236206
0,2210,0.8303351402282715,0.4242311716079712,0.4061039686203003
0,2211,0.8944642543792725,0.5061681866645813,0.38829606771469116
0,2212,0.9350686073303223,0.465978741645813,0.4690898656845093
0,2213,0.7338725328445435,0.43892014026641846,0.2949524223804474
0,2214,0.6903024315834045,0.28755712509155273,0.4027453064918518
0,2215,0.6129432320594788,0.3348809480667114,0.27806228399276733
0,2216,0.8202220797538757,0.531259298324585,0.28896278142929077
0,2217,0.9954543113708496,0.5205960869789124,0.47485822439193726
0,2218,0.7181352376937866,0.4266345500946045,0.29150065779685974
0,2219,0.7671385407447815,0.4155067205429077,0.3516318202018738
0,2220,0.8449194431304932,0.487815797328949,0.3571036458015442
0,2221,0.8054485321044922,0.5217046737670898,0.28374388813972473
0,2222,0.5565617084503174,0.27365145087242126,0.28291022777557373
0,2223,0.8203269839286804,0.4658406376838684,0.354486346244812
0,2224,0.9649817943572998,0.5667779445648193,0.3982038199901581
0,2225,0.8025628924369812,0.4144306778907776,0.3881322145462036
0,2226,0.7537620067596436,0.4128865897655487,0.34087538719177246
0,2227,0.7587755918502808,0.4417248070240021,0.3170507848262787
0,2228,0.7028466463088989,0.35304486751556396,0.34980177879333496
0,2229,1.169236183166504,0.7428172826766968,0.42641887068748474
0,2230,0.8910213708877563,0.5329107642173767,0.35811060667037964
0,2231,0.7873010635375977,0.4321802258491516,0.35512083768844604
0,2232,0.6498346328735352,0.3924192190170288,0.25741544365882874
0,2233,0.9895169734954834,0.5230352878570557,0.46648168563842773
0,2234,0.9332000017166138,0.4778214693069458,0.4553785026073456
0,2235,1.196165919303894,0.8561497926712036,0.3400161564350128
0,2236,0.6752032041549683,0.3323747217655182,0.34282851219177246
0,2237,0.8268864154815674,0.42359432578086853,0.40329205989837646
0,2238,1.0483529567718506,0.6103566288948059,0.43799635767936707
0,2239,0.7334595322608948,0.44583019614219666,0.2876293361186981
0,2240,0.6676122546195984,0.41943538188934326,0.24817687273025513
0,2241,1.0162980556488037,0.4564216732978821,0.5598763227462769
0,2242,0.7962124943733215,0.3993021249771118,0.3969103693962097
0,2243,0.9687307476997375,0.5830633640289307,0.3856673836708069
0,2244,0.6606932282447815,0.314140647649765,0.3465525805950165
0,2245,0.8589795231819153,0.46007853746414185,0.39890098571777344
0,2246,0.9604333639144897,0.5747968554496765,0.3856365382671356
0,2247,0.7847999334335327,0.4583309590816498,0.32646894454956055
0,2248,0.833143949508667,0.46192988753318787,0.3712140917778015
0,2249,0.7129385471343994,0.3297346532344818,0.3832038640975952
0,2250,0.8769900798797607,0.44374608993530273,0.433243989944458
0,2251,1.0985445976257324,0.7046400308609009,0.39390459656715393
0,2252,0.7932443022727966,0.48022228479385376,0.31302201747894287
0,2253,0.865019679069519,0.48504066467285156,0.3799790143966675
0,2254,1.0820982456207275,0.6595316529273987,0.42256659269332886
0,2255,1.032907247543335,0.5913236737251282,0.4415835738182068
0,2256,0.9437585473060608,0.5133404731750488,0.43041807413101196
0,2257,0.7731170654296875,0.45418012142181396,0.31893691420555115
0,2258,0.7613351345062256,0.4686209261417389,0.2927141785621643
0,2259,0.9561022520065308,0.5273839831352234,0.4287182688713074
0,2260,0.8428558707237244,0.39484667778015137,0.448009192943573
0,2261,0.9583668112754822,0.6035163998603821,0.3548504114151001
0,2262,0.8325175642967224,0.49208909273147583,0.3404284715652466
0,2263,0.6831828355789185,0.4090043306350708,0.27417850494384766
0,2264,0.7107171416282654,0.3838515281677246,0.32686561346054077
0,2265,0.8431093692779541,0.40409573912620544,0.43901360034942627
0,2266,0.8920694589614868,0.508063554763794,0.38400593400001526
0,2267,0.9681769609451294,0.4426216185092926,0.5255553126335144
0,2268,0.8360764980316162,0.4265339970588684,0.4095425009727478
0,2269,1.9569966793060303,0.6448186039924622,1.312178134918213
0,2270,0.8180469870567322,0.3779979348182678,0.44004905223846436
0,2271,0.9244326949119568,0.5200363397598267,0.4043963551521301
0,2272,0.6153334379196167,0.2791513204574585,0.3361821174621582
0,2273,0.7714682221412659,0.40252989530563354,0.3689383268356323
0,2274,0.6328467130661011,0.23961445689201355,0.3932322561740875
0,2275,0.8553345203399658,0.4618205428123474,0.3935139775276184
0,2276,0.7180621027946472,0.37202131748199463,0.3460407853126526
0,2277,0.7640944123268127,0.388799250125885,0.37529516220092773
0,2278,0.8020938038825989,0.44307810068130493,0.35901570320129395
0,2279,0.9567744135856628,0.5631440877914429,0.39363032579421997
0,2280,0.8660774827003479,0.5513708591461182,0.31470662355422974
0,2281,0.7852941751480103,0.47424113750457764,0.3110530376434326
0,2282,0.8453782200813293,0.39725106954574585,0.4481271505355835
0,2283,0.6804613471031189,0.37897199392318726,0.30148935317993164
0,2284,0.8703601360321045,0.5372687578201294,0.3330913782119751
0,2285,0.6819571852684021,0.43211185932159424,0.24984531104564667
0,2286,0.6293189525604248,0.3403215706348419,0.2889973521232605
0,2287,0.7192175984382629,0.3950657844543457,0.32415181398391724
0,2288,0.8904989957809448,0.5190881490707397,0.3714108467102051
0,2289,0.8000523447990417,0.43642380833625793,0.3636285364627838
0,2290,0.7586387991905212,0.41659265756607056,0.3420461416244507
0,2291,0.9528668522834778,0.6044170260429382,0.34844982624053955
0,2292,0.9744749665260315,0.5931729078292847,0.3813020586967468
0,2293,0.8027282953262329,0.3498556613922119,0.452872633934021
0,2294,0.7471590042114258,0.39556336402893066,0.3515956401824951
0,2295,0.6247797012329102,0.33126455545425415,0.2935151159763336
0,2296,1.0378975868225098,0.5648181438446045,0.4730793833732605
0,2297,1.0028910636901855,0.49321693181991577,0.5096741318702698
0,2298,0.766697108745575,0.4913262724876404,0.27537083625793457
0,2299,0.8181419372558594,0.45945096015930176,0.3586909770965576
0,2300,0.8588725924491882,0.5194041132926941,0.33946847915649414
0,2301,0.8028768301010132,0.48439279198646545,0.31848400831222534
0,2302,0.9010368585586548,0.5551081895828247,0.3459286689758301
0,2303,0.7654521465301514,0.48208922147750854,0.28336289525032043
0,2304,0.8099581599235535,0.5197062492370605,0.2902519106864929
0,2305,0.6043864488601685,0.3349905014038086,0.2693959176540375
0,2306,1.0560641288757324,0.613892138004303,0.4421720504760742
0,2307,0.8471587896347046,0.5517157912254333,0.29544302821159363
0,2308,0.8101555705070496,0.4408910274505615,0.36926454305648804
0,2309,0.8612138032913208,0.47827088832855225,0.38294291496276855
0,2310,0.7131127715110779,0.4252159595489502,0.2878968119621277
0,2311,0.8210415244102478,0.5065214037895203,0.31452012062072754
0,2312,0.7188578248023987,0.38904327154159546,0.3298145532608032
0,2313,0.6786690950393677,0.3606005311012268,0.31806856393814087
0,2314,0.7424403429031372,0.41401705145835876,0.32842332124710083
0,2315,0.8289981484413147,0.4912821054458618,0.3377160429954529
0,2316,0.7974467277526855,0.4488672614097595,0.348579466342926
0,2317,0.9782739877700806,0.5051575899124146,0.4731164276599884
0,2318,0.66911780834198,0.3722357451915741,0.2968820333480835
0,2319,0.5716755390167236,0.33043307065963745,0.24124248325824738
0,2320,0.5259580612182617,0.22975607216358185,0.29620200395584106
0,2321,0.6833498477935791,0.42274320125579834,0.26060664653778076
0,2322,1.45979905128479,0.9546710252761841,0.505128026008606
0,2323,0.7495006322860718,0.4450724124908447,0.30442824959754944
0,2324,0.7068946361541748,0.3692668378353119,0.3376278281211853
0,2325,1.0903879404067993,0.6380792260169983,0.4523087441921234
0,2326,0.7734544277191162,0.42169007658958435,0.3517643213272095
0,2327,0.8457667827606201,0.4161810874938965,0.42958569526672363
0,2328,1.0832430124282837,0.5982701778411865,0.48497283458709717
0,2329,0.6514307856559753,0.3832206130027771,0.26821017265319824
0,2330,0.7408746480941772,0.4320472478866577,0.30882740020751953
0,2331,0.6680376529693604,0.37122267484664917,0.2968149483203888
0,2332,0.8705965876579285,0.4987015724182129,0.3718950152397156
0,2333,0.7148885726928711,0.3994591534137726,0.3154294490814209
0,2334,1.104196310043335,0.6074644327163696,0.4967319369316101
0,2335,0.764380693435669,0.4884083867073059,0.27597230672836304
0,2336,0.9320428967475891,0.5548182725906372,0.3772246241569519
0,2337,0.7490367889404297,0.3963446617126465,0.3526921272277832
0,2338,0.6303622722625732,0.36139434576034546,0.26896795630455017
0,2339,0.6408306956291199,0.32485777139663696,0.3159729242324829
0,2340,0.6613755822181702,0.35370367765426636,0.3076719045639038
0,2341,1.1530078649520874,0.4889576733112335,0.6640502214431763
0,2342,0.7774242162704468,0.36218926310539246,0.41523492336273193
0,2343,0.7447583079338074,0.4281201958656311,0.31663811206817627
0,2344,0.8507050275802612,0.46657106280326843,0.3841339349746704
0,2345,0.5772747993469238,0.33924317359924316,0.23803165555000305
0,2346,0.6094225645065308,0.337164044380188,0.2722585201263428
0,2347,0.8744232654571533,0.48834288120269775,0.38608038425445557
0,2348,0.6693766117095947,0.33925095200538635,0.33012568950653076
0,2349,0.8590610027313232,0.4148792326450348,0.44418179988861084
0,2350,0.7984585762023926,0.48661407828330994,0.31184446811676025
0,2351,1.1378161907196045,0.7738290429115295,0.36398717761039734
0,2352,0.6615905165672302,0.3551338315010071,0.30645668506622314
0,2353,1.1192214488983154,0.7426213622093201,0.3766000270843506
0,2354,0.79477858543396,0.35233065485954285,0.4424479305744171
0,2355,0.872338056564331,0.5279796719551086,0.3443584144115448
0,2356,0.5142055749893188,0.2578783631324768,0.25632724165916443
0,2357,0.8313083052635193,0.5138190388679504,0.31748926639556885
0,2358,0.8417792916297913,0.5205610990524292,0.32121819257736206
0,2359,0.820572018623352,0.3797082006931305,0.44086378812789917
0,2360,0.7204486131668091,0.4099873900413513,0.31046125292778015
0,2361,0.7894558310508728,0.5130853652954102,0.27637046575546265
0,2362,0.47835078835487366,0.19247493147850037,0.2858758568763733
0,2363,0.9270429611206055,0.49337631464004517,0.4336666464805603
0,2364,0.9614918828010559,0.4571131467819214,0.5043787360191345
0,2365,0.8637416362762451,0.5517516732215881,0.311989963054657
0,2366,0.8796823024749756,0.42425429821014404,0.45542797446250916
0,2367,0.8257906436920166,0.42651647329330444,0.39927417039871216
0,2368,0.6928157806396484,0.3600693345069885,0.3327464461326599
0,2369,0.6871311664581299,0.3963853120803833,0.2907458245754242
0,2370,0.7301439642906189,0.39910566806793213,0.33103829622268677
0,2371,0.8759778738021851,0.48010215163230896,0.3958756923675537
0,2372,0.5507664680480957,0.29248470067977905,0.25828173756599426
0,2373,0.8532587289810181,0.46291452646255493,0.3903442323207855
0,2374,0.7208784818649292,0.4245513677597046,0.2963270843029022
0,2375,0.8751676678657532,0.4985978603363037,0.37656980752944946
0,2376,0.6846145391464233,0.36146968603134155,0.3231448531150818
0,2377,0.7009485363960266,0.3630150556564331,0.3379334807395935
0,2378,0.4738379716873169,0.24233901500701904,0.23149897158145905
0,2379,0.6693798303604126,0.39231520891189575,0.27706462144851685
0,2380,0.9154030680656433,0.5494409203529358,0.3659621477127075
0,2381,0.5644714832305908,0.30789509415626526,0.2565763592720032
0,2382,0.6912939548492432,0.34662696719169617,0.3446670174598694
0,2383,0.7361229658126831,0.3769247531890869,0.3591982126235962
0,2384,0.6491173505783081,0.38060519099235535,0.26851212978363037
0,2385,0.49904727935791016,0.2854871153831482,0.21356016397476196
0,2386,0.6464505195617676,0.33354201912879944,0.31290847063064575
0,2387,0.5532056093215942,0.3067777752876282,0.24642783403396606
0,2388,1.125725269317627,0.537548303604126,0.5881769061088562
0,2389,0.8772579431533813,0.4648861587047577,0.41237178444862366
0,2390,0.8617518544197083,0.5012677907943726,0.3604840636253357
0,2391,0.8162468075752258,0.47247618436813354,0.3437706232070923
0,2392,0.6964707374572754,0.3812887668609619,0.3151819407939911
0,2393,0.6693358421325684,0.35976800322532654,0.3095678687095642
0,2394,0.7149887681007385,0.4477391839027405,0.26724958419799805
0,2395,0.7059574127197266,0.46145063638687134,0.24450674653053284
0,2396,0.9488943815231323,0.513049840927124,0.4358445703983307
0,2397,0.8223661184310913,0.43113377690315247,0.39123237133026123
0,2398,0.8627443313598633,0.4156493842601776,0.44709497690200806
0,2399,0.9280259013175964,0.4665762186050415,0.46144968271255493
0,2400,0.7407326102256775,0.39512407779693604,0.34560853242874146
0,2401,0.90269535779953,0.5345077514648438,0.3681876063346863
0,2402,1.2078909873962402,0.8640756011009216,0.3438154458999634
0,2403,0.6630529761314392,0.38180845975875854,0.28124451637268066
0,2404,0.7073096036911011,0.36009639501571655,0.3472132384777069
0,2405,1.135886549949646,0.6658972501754761,0.4699892997741699
0,2406,0.7526373267173767,0.41787105798721313,0.3347662687301636
0,2407,0.9155275821685791,0.45937156677246094,0.4561559855937958
0,2408,0.7237169742584229,0.3998757004737854,0.32384127378463745
0,2409,0.7764337658882141,0.5053421258926392,0.27109163999557495
0,2410,0.8202914595603943,0.4597885012626648,0.3605029582977295
0,2411,0.9815676212310791,0.5610989332199097,0.42046868801116943
0,2412,0.8300786018371582,0.52965247631073,0.3004261255264282
0,2413,1.1719303131103516,0.5821448564529419,0.5897854566574097
0,2414,0.7480717301368713,0.4048190712928772,0.34325265884399414
0,2415,0.8837564587593079,0.45625418424606323,0.42750227451324463
0,2416,0.6590108275413513,0.4236498475074768,0.2353609800338745
0,2417,0.9753958582878113,0.5136756896972656,0.46172016859054565
0,2418,1.0711168050765991,0.5345034003257751,0.536613404750824
0,2419,1.3475151062011719,0.8424654006958008,0.5050497055053711
0,2420,0.8207109570503235,0.5319993495941162,0.2887116074562073
0,2421,0.7250596284866333,0.36197400093078613,0.3630855977535248
0,2422,0.7275234460830688,0.3739944100379944,0.3535290062427521
0,2423,0.7672548890113831,0.4067087173461914,0.36054617166519165
0,2424,0.8534630537033081,0.47797730565071106,0.37548571825027466
0,2425,0.8411096334457397,0.4989272952079773,0.34218236804008484
0,2426,0.5879329442977905,0.3331288695335388,0.2548040449619293
0,2427,0.8171325922012329,0.35645678639411926,0.46067577600479126
0,2428,0.8996636867523193,0.5345771312713623,0.36508655548095703
0,2429,0.809604287147522,0.46723705530166626,0.3423672318458557
0,2430,0.8777296543121338,0.5529789328575134,0.324750691652298
0,2431,0.8160362839698792,0.46371227502822876,0.3523240089416504
0,2432,0.6941449642181396,0.34932851791381836,0.3448164463043213
0,2433,0.8404347896575928,0.4125116467475891,0.4279231131076813
0,2434,0.6372462511062622,0.3143606185913086,0.3228856027126312
0,2435,0.7481786012649536,0.39003869891166687,0.35813990235328674
0,2436,0.8689459562301636,0.5188632607460022,0.3500826954841614
0,2437,0.7330769300460815,0.3802560865879059,0.35282084345817566
0,2438,0.7775049209594727,0.45691633224487305,0.3205885887145996
0,2439,0.640566349029541,0.38829195499420166,0.25227442383766174
0,2440,0.7403078079223633,0.41946879029273987,0.320838987827301
0,2441,0.9889659881591797,0.5207662582397461,0.4681997299194336
0,2442,0.7430823445320129,0.46728020906448364,0.2758021354675293
0,2443,0.9662827849388123,0.5289393067359924,0.4373434782028198
0,2444,0.7310904264450073,0.4199763834476471,0.31111401319503784
0,2445,0.7087063789367676,0.43056511878967285,0.2781412601470947
0,2446,0.8243923783302307,0.46291661262512207,0.36147576570510864
0,2447,0.8446520566940308,0.45712295174598694,0.38752907514572144
0,2448,0.7662830352783203,0.49044036865234375,0.2758426368236542
0,2449,0.8853083252906799,0.5772843360900879,0.30802398920059204
0,2450,0.9808183312416077,0.6555668115615845,0.3252515196800232
0,2451,0.8245241641998291,0.5221986770629883,0.3023255169391632
0,2452,0.6427469849586487,0.3642348051071167,0.278512179851532
0,2453,0.7287623882293701,0.3889474868774414,0.3398148715496063
0,2454,0.690159797668457,0.37102997303009033,0.3191298246383667
0,2455,0.758293867111206,0.4027276933193207,0.35556620359420776
0,2456,0.8597005605697632,0.5323049426078796,0.32739561796188354
0,2457,0.8220796585083008,0.5019693374633789,0.32011035084724426
0,2458,0.8110626935958862,0.4439027011394501,0.36716002225875854
0,2459,0.8402832746505737,0.5149757862091064,0.3253074586391449
0,2460,1.1849489212036133,0.6757886409759521,0.5091603398323059
0,2461,0.7432507872581482,0.36141645908355713,0.38183432817459106
0,2462,0.7438514232635498,0.4260718822479248,0.317779541015625
0,2463,0.6489410400390625,0.3595793843269348,0.2893616557121277
0,2464,0.7145366072654724,0.3928483724594116,0.3216882348060608
0,2465,0.7408707141876221,0.45950525999069214,0.28136545419692993
0,2466,0.8197609186172485,0.44023334980010986,0.3795275390148163
0,2467,0.6847319006919861,0.4092786908149719,0.27545320987701416
0,2468,0.7153854370117188,0.44227713346481323,0.27310827374458313
0,2469,0.7050437331199646,0.4227895140647888,0.2822542190551758
0,2470,0.7636474370956421,0.36768805980682373,0.39595937728881836
0,2471,0.7597540616989136,0.4489477276802063,0.3108063340187073
0,2472,0.6929947137832642,0.38900548219680786,0.3039892315864563
0,2473,0.8713102340698242,0.3995707035064697,0.4717395603656769
0,2474,0.6447329521179199,0.36428987979888916,0.28044310212135315
0,2475,0.7506213188171387,0.4014076888561249,0.3492136001586914
0,2476,0.8171346783638,0.4969594478607178,0.3201752305030823
0,2477,0.7861245274543762,0.46544957160949707,0.32067495584487915
0,2478,1.2609426975250244,0.5871638655662537,0.6737788915634155
0,2479,1.089280366897583,0.7160903215408325,0.3731900155544281
0,2480,0.8486876487731934,0.4287955164909363,0.4198921322822571
0,2481,0.6341594457626343,0.34671762585639954,0.28744179010391235
0,2482,0.9765874147415161,0.5438168048858643,0.43277063965797424
0,2483,0.8799571394920349,0.5007292628288269,0.379227876663208
0,2484,0.822636604309082,0.45436009764671326,0.36827653646469116
0,2485,0.9966094493865967,0.6388897895812988,0.35771968960762024
0,2486,0.8275530338287354,0.43398547172546387,0.39356759190559387
0,2487,0.7392842173576355,0.4799385666847229,0.2593456506729126
0,2488,0.7890487313270569,0.4685370922088623,0.3205116391181946
0,2489,0.5808295011520386,0.330757737159729,0.25007179379463196
0,2490,0.8921881318092346,0.46719449758529663,0.424993634223938
0,2491,0.604130744934082,0.23471897840499878,0.36941176652908325
0,2492,0.6759979724884033,0.3493143916130066,0.32668355107307434
0,2493,0.8434228897094727,0.5232662558555603,0.32015663385391235
0,2494,0.4025923013687134,0.231929749250412,0.17066256701946259
0,2495,0.9968016743659973,0.5737329125404358,0.4230687618255615
0,2496,0.6647676229476929,0.32180482149124146,0.3429628014564514
0,2497,0.8711949586868286,0.49500250816345215,0.37619245052337646
0,2498,0.8210447430610657,0.46523189544677734,0.35581284761428833
0,2499,0.7528884410858154,0.5036992430686951,0.24918919801712036
0,2500,0.7042309045791626,0.3778018653392792,0.3264290690422058
0,2501,0.6950197815895081,0.38328343629837036,0.3117363452911377
0,2502,0.6904627084732056,0.37355178594589233,0.3169109523296356
0,2503,0.7505853176116943,0.43107879161834717,0.31950652599334717
0,2504,0.8821707963943481,0.4046863913536072,0.47748443484306335
0,2505,0.8301124572753906,0.41966715455055237,0.41044527292251587
0,2506,0.7081635594367981,0.33810728788375854,0.37005627155303955
0,2507,1.2369539737701416,0.638150691986084,0.5988032817840576
0,2508,0.8738405704498291,0.4976810812950134,0.37615951895713806
0,2509,1.0085806846618652,0.5592961311340332,0.4492846131324768
0,2510,0.8766417503356934,0.48291832208633423,0.39372342824935913
0,2511,0.6604018211364746,0.34613165259361267,0.31427013874053955
0,2512,0.6960642337799072,0.35256427526474,0.3434999883174896
0,2513,0.7663955092430115,0.5005095601081848,0.26588594913482666
0,2514,0.8969482183456421,0.4126332402229309,0.4843149483203888
0,2515,0.723502516746521,0.4387017488479614,0.2848007380962372
0,2516,0.6163800358772278,0.37084490060806274,0.24553513526916504
0,2517,0.5770319700241089,0.30128568410873413,0.27574628591537476
0,2518,0.6884382963180542,0.3772923946380615,0.31114593148231506
0,2519,0.7680415511131287,0.45779693126678467,0.310244619846344
0,2520,1.2594938278198242,0.8069466352462769,0.452547162771225
0,2521,0.8235408067703247,0.46502768993377686,0.35851311683654785
0,2522,0.7662407159805298,0.38415223360061646,0.38208845257759094
0,2523,0.9074883460998535,0.43049687147140503,0.4769915044307709
0,2524,0.8503100872039795,0.3678622245788574,0.48244786262512207
0,2525,0.8783459663391113,0.5578489303588867,0.3204970359802246
0,2526,0.8430371284484863,0.4191913604736328,0.4238457679748535
0,2527,0.8092423677444458,0.43684083223342896,0.37240153551101685
0,2528,1.1605736017227173,0.7157472372055054,0.4448263645172119
0,2529,0.7333747148513794,0.4081018269062042,0.3252728581428528
0,2530,0.6756848096847534,0.3811381459236145,0.2945466637611389
0,2531,0.8445330858230591,0.6172330379486084,0.22730004787445068
0,2532,0.6028143167495728,0.37456440925598145,0.2282499074935913
0,2533,0.8169122934341431,0.46371445059776306,0.35319784283638
0,2534,0.7121173143386841,0.37766462564468384,0.33445268869400024
0,2535,0.6890054941177368,0.40205273032188416,0.2869527339935303
0,2536,0.7039306163787842,0.39280328154563904,0.31112736463546753
0,2537,0.651301383972168,0.36202043294906616,0.2892809510231018
0,2538,0.8655469417572021,0.4530555009841919,0.41249147057533264
0,2539,0.542587399482727,0.27820342779159546,0.2643839418888092
0,2540,0.7655903100967407,0.43431103229522705,0.3312792479991913
0,2541,0.6905072927474976,0.31316232681274414,0.3773449957370758
0,2542,0.8969342112541199,0.4390193819999695,0.4579148292541504
0,2543,0.9259311556816101,0.4763123393058777,0.4496188163757324
0,2544,0.6711301207542419,0.40374755859375,0.26738256216049194
0,2545,0.7900915741920471,0.5291319489479065,0.2609596252441406
0,2546,0.6260433197021484,0.34197109937667847,0.2840721905231476
0,2547,0.7325634956359863,0.3215997815132141,0.41096368432044983
0,2548,0.8350780010223389,0.48188912868499756,0.3531888425350189
0,2549,0.7914121150970459,0.40660327672958374,0.38480880856513977
0,2550,0.6885396242141724,0.4008447527885437,0.28769487142562866
0,2551,0.8099397420883179,0.4618997573852539,0.34803998470306396
0,2552,0.9177085757255554,0.3760712742805481,0.5416373014450073
0,2553,0.6706531047821045,0.33181503415107727,0.3388381004333496
0,2554,0.502112627029419,0.24948468804359436,0.2526279091835022
0,2555,0.6437556743621826,0.4138261079788208,0.2299295961856842
0,2556,1.0106298923492432,0.5577439069747925,0.4528859257698059
0,2557,0.5737892985343933,0.29004693031311035,0.28374236822128296
0,2558,0.7232803106307983,0.39318186044692993,0.3300984799861908
0,2559,0.9593539237976074,0.5901121497154236,0.36924177408218384
0,2560,0.697806179523468,0.3512662649154663,0.3465399146080017
0,2561,1.873656988143921,1.283320665359497,0.5903363823890686
0,2562,0.6047074198722839,0.3468208909034729,0.25788652896881104
0,2563,0.9966941475868225,0.5703058242797852,0.42638832330703735
0,2564,0.811308741569519,0.4326166808605194,0.37869203090667725
0,2565,0.8091470003128052,0.4367501735687256,0.3723968267440796
0,2566,0.6100704073905945,0.3345184624195099,0.2755519449710846
0,2567,0.7340443134307861,0.40071189403533936,0.3333324193954468
0,2568,0.762112557888031,0.3836975693702698,0.37841498851776123
0,2569,0.7483834028244019,0.38086915016174316,0.3675142526626587
0,2570,0.8018237352371216,0.48983389139175415,0.3119898736476898
0,2571,0.6703959703445435,0.3679357171058655,0.302460253238678
0,2572,0.686062216758728,0.4246479868888855,0.26141422986984253
0,2573,0.7637721300125122,0.3772657513618469,0.3865063786506653
0,2574,0.6907055377960205,0.3627854287624359,0.327920138835907
0,2575,0.8521204590797424,0.46597111225128174,0.3861493468284607
0,2576,1.050859808921814,0.5250920057296753,0.5257678031921387
0,2577,0.8269132375717163,0.4098263382911682,0.4170868992805481
0,2578,0.9064756631851196,0.5954122543334961,0.31106340885162354
0,2579,0.6133532524108887,0.3217184245586395,0.29163479804992676
0,2580,0.7736104726791382,0.4143756926059723,0.3592348098754883
0,2581,0.7062532901763916,0.4074760973453522,0.2987772226333618
0,2582,0.7774229645729065,0.43324583768844604,0.34417712688446045
0,2583,0.8532775044441223,0.5129507184028625,0.34032678604125977
0,2584,0.643021821975708,0.3937673568725586,0.24925443530082703
0,2585,0.910935640335083,0.4843331277370453,0.42660248279571533
0,2586,0.6478644609451294,0.35025569796562195,0.29760873317718506
0,2587,0.7630621194839478,0.4306778013706207,0.33238428831100464
0,2588,0.48922356963157654,0.27479448914527893,0.2144290804862976
0,2589,0.6586137413978577,0.3583710193634033,0.30024272203445435
0,2590,1.0166471004486084,0.5192447900772095,0.4974023103713989
0,2591,0.5415916442871094,0.260448157787323,0.2811434864997864
0,2592,0.8944111466407776,0.4714038372039795,0.4230073094367981
0,2593,0.8037081956863403,0.4907524585723877,0.31295573711395264
0,2594,0.4696803390979767,0.2508508563041687,0.21882948279380798
0,2595,0.7717273235321045,0.3498590886592865,0.4218682050704956
0,2596,0.7821922302246094,0.4686914086341858,0.3135008215904236
0,2597,0.538332462310791,0.2822135388851166,0.25611892342567444
0,2598,0.5342657566070557,0.3054503798484802,0.22881540656089783
0,2599,1.2059175968170166,0.7108166217803955,0.49510103464126587
0,2600,0.6444569826126099,0.26559174060821533,0.37886524200439453
0,2601,0.7656824588775635,0.34586891531944275,0.4198135733604431
0,2602,0.7578445672988892,0.37684938311576843,0.38099515438079834
0,2603,0.6063065528869629,0.41178929805755615,0.19451722502708435
0,2604,0.8274555206298828,0.45757541060447693,0.36988013982772827
0,2605,0.6738168001174927,0.2988331615924835,0.37498366832733154
0,2606,0.6925060749053955,0.3272169828414917,0.3652890920639038
0,2607,0.7061541080474854,0.3820485472679138,0.32410556077957153
0,2608,0.8044974207878113,0.3880017399787903,0.416495680809021
0,2609,0.6716418862342834,0.42032140493392944,0.251320481300354
0,2610,0.8176717162132263,0.4110848903656006,0.40658682584762573
0,2611,0.5733560919761658,0.2846650183200836,0.28869107365608215
0,2612,0.564928412437439,0.3153490722179413,0.2495793104171753
0,2613,0.7270188927650452,0.41064244508743286,0.3163764476776123
0,2614,0.7678468227386475,0.36092817783355713,0.40691864490509033
0,2615,0.4460678994655609,0.246400386095047,0.19966751337051392
0,2616,0.7674418687820435,0.2836375832557678,0.48380425572395325
0,2617,0.83983314037323,0.3618803918361664,0.4779527187347412
0,2618,0.6566981077194214,0.3926777243614197,0.2640204131603241
0,2619,0.7954197525978088,0.3315315246582031,0.4638882279396057
0,2620,0.9775772094726562,0.5757483243942261,0.4018288850784302
0,2621,0.8605010509490967,0.41022419929504395,0.45027685165405273
0,2622,0.7019756436347961,0.374239981174469,0.32773566246032715
0,2623,0.8051936626434326,0.4908343553543091,0.31435930728912354
0,2624,0.7355897426605225,0.3787617087364197,0.35682806372642517
0,2625,0.7039062976837158,0.4320800006389618,0.27182629704475403
0,2626,0.8003941774368286,0.45998460054397583,0.3404095470905304
0,2627,0.7855483293533325,0.36822181940078735,0.41732650995254517
0,2628,0.9009609222412109,0.5156282186508179,0.3853326737880707
0,2629,0.9455755949020386,0.5615386962890625,0.3840368986129761
0,2630,0.689617931842804,0.31557774543762207,0.3740401864051819
0,2631,0.836272120475769,0.47023510932922363,0.3660370111465454
0,2632,0.6389321684837341,0.2990003824234009,0.33993178606033325
0,2633,0.8454121351242065,0.45061492919921875,0.3947972059249878
0,2634,1.0930770635604858,0.6286814212799072,0.4643956124782562
0,2635,0.7178233861923218,0.3371081054210663,0.3807153105735779
0,2636,0.6772438287734985,0.32011622190475464,0.3571276068687439
0,2637,0.6705667972564697,0.32148730754852295,0.3490794897079468
0,2638,1.0490939617156982,0.6069663166999817,0.44212770462036133
0,2639,0.7229942083358765,0.41191431879997253,0.31107988953590393
0,2640,0.6541168093681335,0.32523098587989807,0.3288858234882355
0,2641,1.0172312259674072,0.620772123336792,0.39645904302597046
0,2642,0.7480695843696594,0.43036121129989624,0.3177083730697632
0,2643,0.8196673393249512,0.4463399648666382,0.373327374458313
0,2644,0.6803478002548218,0.46614933013916016,0.214198499917984
0,2645,0.8075253367424011,0.4501096308231354,0.35741570591926575
0,2646,0.7721207141876221,0.4244711399078369,0.34764957427978516
0,2647,0.7073116302490234,0.4079200029373169,0.29939159750938416
0,2648,0.8095952868461609,0.5003969073295593,0.30919837951660156
0,2649,0.4898594617843628,0.2414097636938095,0.2484496831893921
0,2650,0.7458136081695557,0.5000249147415161,0.24578869342803955
0,2651,0.6142442226409912,0.27944907546043396,0.33479511737823486
0,2652,0.7139832377433777,0.3720172643661499,0.3419659733772278
0,2653,0.7281041741371155,0.3262362480163574,0.40186792612075806
0,2654,0.7860026955604553,0.41242915391921997,0.37357354164123535
0,2655,0.7584505081176758,0.4002331495285034,0.35821738839149475
0,2656,1.025681972503662,0.6321679353713989,0.3935140371322632
0,2657,0.7256434559822083,0.4108126759529114,0.3148307800292969
0,2658,0.8575953841209412,0.4623408913612366,0.3952544927597046
0,2659,0.7009391784667969,0.40408968925476074,0.29684948921203613
0,2660,0.8127601146697998,0.48465314507484436,0.32810696959495544
0,2661,0.5809276103973389,0.36062031984329224,0.22030729055404663
0,2662,0.9860284328460693,0.6937994956970215,0.29222893714904785
0,2663,0.6415055394172668,0.31916970014572144,0.3223358392715454
0,2664,0.8845797777175903,0.4563162326812744,0.42826351523399353
0,2665,0.7401523590087891,0.4122925400733948,0.3278598189353943
0,2666,0.720654308795929,0.45408108830451965,0.2665732204914093
0,2667,0.8187050223350525,0.4979262351989746,0.3207787871360779
0,2668,0.6215870380401611,0.3842605650424957,0.2373264729976654
0,2669,0.7809756994247437,0.44814983010292053,0.3328258991241455
0,2670,0.8789441585540771,0.6047004461288452,0.2742437422275543
0,2671,0.9558507204055786,0.6003196239471436,0.35553109645843506
0,2672,0.6430128812789917,0.3300130367279053,0.31299981474876404
0,2673,0.8927677273750305,0.4451366066932678,0.4476311206817627
0,2674,0.7714691758155823,0.5176756381988525,0.25379353761672974
0,2675,0.7121560573577881,0.4213382601737976,0.2908177971839905
0,2676,0.8776299357414246,0.5587129592895508,0.3189169764518738
0,2677,0.7792526483535767,0.5052175521850586,0.27403512597084045
0,2678,0.6949206590652466,0.4314956068992615,0.2634250521659851
0,2679,0.48071300983428955,0.2465575933456421,0.23415541648864746
0,2680,0.5844318270683289,0.3284665048122406,0.25596532225608826
0,2681,0.9013533592224121,0.5743225812911987,0.3270307779312134
0,2682,0.6838258504867554,0.34246569871902466,0.3413601219654083
0,2683,0.7035181522369385,0.36691251397132874,0.33660566806793213
0,2684,0.3697030246257782,0.19187137484550476,0.17783164978027344
0,2685,0.6387253999710083,0.31839585304260254,0.32032954692840576
0,2686,0.7392433285713196,0.45831406116485596,0.2809292674064636
0,2687,0.6932196021080017,0.46026551723480225,0.23295408487319946
0,2688,0.7894526124000549,0.42766231298446655,0.3617902994155884
0,2689,0.9377390146255493,0.5526341199874878,0.38510486483573914
0,2690,0.7843670845031738,0.4814341366291046,0.3029329478740692
0,2691,0.7783862352371216,0.41424715518951416,0.3641390800476074
0,2692,0.840776801109314,0.41733425855636597,0.423442542552948
0,2693,0.6566154956817627,0.298797070980072,0.3578184247016907
0,2694,0.5932713150978088,0.3326036334037781,0.26066768169403076
0,2695,0.6091269254684448,0.35992443561553955,0.24920247495174408
0,2696,0.970007061958313,0.5885851383209229,0.38142192363739014
0,2697,0.8792421817779541,0.46629053354263306,0.41295164823532104
0,2698,0.8997400999069214,0.45623600482940674,0.44350409507751465
0,2699,0.5447836518287659,0.31758207082748413,0.22720159590244293
0,2700,0.6189705729484558,0.36039310693740845,0.25857746601104736
0,2701,0.8608841896057129,0.521858811378479,0.3390253484249115
0,2702,0.7292891144752502,0.3818977475166321,0.34739136695861816
0,2703,1.19899320602417,0.6347218751907349,0.5642713308334351
0,2704,0.7223371267318726,0.36268213391304016,0.3596550226211548
0,2705,0.9345781207084656,0.48496657609939575,0.4496115446090698
0,2706,1.3655948638916016,0.7452115416526794,0.6203833818435669
0,2707,0.8182862997055054,0.4197094142436981,0.39857691526412964
0,2708,0.8584308624267578,0.526085615158081,0.33234524726867676
0,2709,0.7158113718032837,0.3584400415420532,0.35737136006355286
0,2710,0.8394516706466675,0.518456220626831,0.32099542021751404
0,2711,0.6857262253761292,0.3762741684913635,0.3094520568847656
0,2712,0.7015142440795898,0.36951321363449097,0.3320010304450989
0,2713,0.8384416103363037,0.4683495759963989,0.3700920343399048
0,2714,0.8430385589599609,0.4812072813510895,0.3618312478065491
0,2715,0.8472622632980347,0.5183074474334717,0.328954815864563
0,2716,0.6274243593215942,0.3279328942298889,0.29949143528938293
0,2717,0.8823776245117188,0.512033998966217,0.3703436553478241
0,2718,0.7597104907035828,0.43685609102249146,0.3228543996810913
0,2719,0.7808282375335693,0.5054893493652344,0.2753388583660126
0,2720,0.7751567363739014,0.44237062335014343,0.3327861428260803
0,2721,0.7949548959732056,0.4841454029083252,0.310809463262558
0,2722,0.8139269948005676,0.4385400414466858,0.37538695335388184
0,2723,0.7694966793060303,0.47350776195526123,0.29598894715309143
0,2724,0.7844920754432678,0.40967583656311035,0.37481623888015747
0,2725,0.6419419050216675,0.4020487666130066,0.2398931384086609
0,2726,0.9497449994087219,0.5932465195655823,0.35649847984313965
0,2727,0.8240598440170288,0.42782163619995117,0.39623820781707764
0,2728,0.8921294212341309,0.4335672855377197,0.45856213569641113
0,2729,0.9170047640800476,0.5054150223731995,0.41158974170684814
0,2730,0.6986467838287354,0.40189558267593384,0.2967512011528015
0,2731,0.9203344583511353,0.419607013463974,0.5007274150848389
0,2732,0.7295441627502441,0.432857871055603,0.2966863214969635
0,2733,0.5362221002578735,0.26357728242874146,0.2726448178291321
0,2734,0.799936830997467,0.528967022895813,0.27096980810165405
0,2735,0.5152982473373413,0.29251688718795776,0.22278137505054474
0,2736,0.8942179679870605,0.4901551902294159,0.40406277775764465
0,2737,1.307104468345642,0.7130369544029236,0.5940675139427185
0,2738,0.8493121862411499,0.5590076446533203,0.2903045117855072
0,2739,0.6111594438552856,0.34686118364334106,0.26429829001426697
0,2740,0.7777531743049622,0.3497657775878906,0.42798739671707153
0,2741,0.8908486366271973,0.4896405339241028,0.40120813250541687
0,2742,0.8521078824996948,0.5135470628738403,0.3385608196258545
0,2743,0.6721417903900146,0.34289661049842834,0.3292452096939087
0,2744,0.7476680278778076,0.44229555130004883,0.3053724467754364
0,2745,0.7379525899887085,0.4480561316013336,0.2898964285850525
0,2746,0.8367160558700562,0.5050995349884033,0.33161652088165283
0,2747,0.9633525609970093,0.42598944902420044,0.5373631119728088
0,2748,0.44912344217300415,0.23562848567962646,0.21349497139453888
0,2749,0.9655390977859497,0.6070564985275269,0.35848262906074524
0,2750,0.7690130472183228,0.48441827297210693,0.2845947742462158
0,2751,0.7757765054702759,0.49842244386672974,0.27735406160354614
0,2752,0.7126682996749878,0.40698859095573425,0.30567967891693115
0,2753,0.7594156265258789,0.4082294702529907,0.35118618607521057
0,2754,0.6965736746788025,0.35043710470199585,0.34613656997680664
0,2755,0.7800396680831909,0.4927920699119568,0.28724756836891174
0,2756,0.67131108045578,0.3604903519153595,0.31082072854042053
0,2757,0.8857454657554626,0.44752752780914307,0.4382179379463196
0,2758,0.5898729562759399,0.3217073082923889,0.2681656777858734
0,2759,1.2123565673828125,0.7603720426559448,0.4519845247268677
0,2760,0.58769690990448,0.29634058475494385,0.29135632514953613
0,2761,0.5929760932922363,0.3259633779525757,0.26701268553733826
0,2762,0.7205213308334351,0.383012980222702,0.33750832080841064
1,0,0.7351095676422119,0.40125343203544617,0.33385616540908813
1,1,0.8053339719772339,0.4539499282836914,0.3513840138912201
1,2,0.6064609885215759,0.21930725872516632,0.3871537148952484
1,3,0.7508542537689209,0.46093112230300903,0.28992313146591187
1,4,0.618342399597168,0.4305408298969269,0.1878015398979187
1,5,0.8966246843338013,0.5305041670799255,0.36612051725387573
1,6,0.5846527814865112,0.3375576436519623,0.24709512293338776
1,7,0.8095169067382812,0.45898085832595825,0.3505360782146454
1,8,0.9293620586395264,0.45317542552948,0.4761866331100464
1,9,0.8316081762313843,0.42597270011901855,0.4056354761123657
1,10,0.793231189250946,0.4076889157295227,0.38554227352142334
1,11,0.7314582467079163,0.4621865153312683,0.26927173137664795
1,12,0.6332085728645325,0.3328530192375183,0.30035555362701416
1,13,0.6844013333320618,0.3400055170059204,0.34439581632614136
1,14,0.6956877708435059,0.42421990633010864,0.2714678645133972
1,15,0.6965154409408569,0.46007293462753296,0.23644252121448517
1,16,0.917069673538208,0.47651755809783936,0.44055208563804626
1,17,0.9212192296981812,0.4758637249469757,0.44535550475120544
1,18,0.6386102437973022,0.40311551094055176,0.2354947030544281
1,19,0.5743429660797119,0.31076550483703613,0.2635774314403534
1,20,0.750023365020752,0.4287627935409546,0.321260541677475
1,21,0.7816025018692017,0.33731865882873535,0.4442838430404663
1,22,0.6631041765213013,0.3131868243217468,0.34991735219955444
1,23,0.5686883926391602,0.31085404753685,0.25783437490463257
1,24,0.6141099333763123,0.32033097743988037,0.2937789559364319
1,25,0.7300758361816406,0.4776536226272583,0.2524222135543823
1,26,0.5259636640548706,0.2996649444103241,0.2262987494468689
1,27,0.5887077450752258,0.22424577176570892,0.3644619882106781
1,28,0.7497212886810303,0.335735946893692,0.41398534178733826
1,29,0.7534093260765076,0.46793311834335327,0.2854762077331543
1,30,0.598433792591095,0.3348994255065918,0.2635343670845032
1,31,0.9772454500198364,0.5446714758872986,0.43257394433021545
1,32,0.523325502872467,0.3339519500732422,0.18937355279922485
1,33,0.9325616359710693,0.4874548316001892,0.44510677456855774
1,34,0.7582050561904907,0.47401726245880127,0.28418779373168945
1,35,0.6577404737472534,0.37045490741729736,0.28728559613227844
1,36,0.5882031917572021,0.3457634449005127,0.24243974685668945
1,37,1.0262285470962524,0.513056755065918,0.5131717920303345
1,38,0.9506354928016663,0.6173638105392456,0.33327168226242065
1,39,0.8807889223098755,0.5063487887382507,0.37444013357162476
1,40,0.805816650390625,0.412410169839859,0.3934065103530884
1,41,0.6872581839561462,0.4012930393218994,0.2859651446342468
1,42,0.6296952962875366,0.3737258315086365,0.25596949458122253
1,43,1.0613901615142822,0.5924369096755981,0.4689532518386841
1,44,0.7904759645462036,0.5225094556808472,0.26796650886535645
1,45,0.9018415808677673,0.5289716720581055,0.37286990880966187
1,46,0.45605525374412537,0.23647984862327576,0.2195754051208496
1,47,0.7743613719940186,0.41627776622772217,0.3580836057662964
1,48,0.6732823252677917,0.33624863624572754,0.3370336890220642
1,49,0.6229230165481567,0.2889726758003235,0.33395034074783325
1,50,0.9214341044425964,0.537117600440979,0.38431650400161743
1,51,0.7061128616333008,0.34737056493759155,0.3587423264980316
1,52,1.0082590579986572,0.4181923568248749,0.59006667137146
1,53,0.7449771165847778,0.47438573837280273,0.2705913782119751
1,54,0.6108675003051758,0.4070102274417877,0.20385730266571045
1,55,0.6636401414871216,0.3037520945072174,0.3598880171775818
1,56,0.8707684278488159,0.5495134592056274,0.3212549686431885
1,57,0.8057444095611572,0.45147186517715454,0.3542725443840027
1,58,0.7353185415267944,0.3900185227394104,0.34530001878738403
1,59,0.6050260066986084,0.3455558121204376,0.2594701647758484
1,60,0.6554189920425415,0.3532450199127197,0.3021739721298218
1,61,1.5630649328231812,1.069375991821289,0.4936889410018921
1,62,0.7531718611717224,0.4429042935371399,0.3102675676345825
1,63,0.5184034109115601,0.28970932960510254,0.22869405150413513
1,64,1.1959807872772217,0.6329909563064575,0.5629898905754089
1,65,0.5779001116752625,0.29196205735206604,0.2859380543231964
1,66,0.8223432302474976,0.4210055470466614,0.4013376832008362
1,67,0.6182094216346741,0.4000183939933777,0.2181910276412964
1,68,0.7504271268844604,0.4486722946166992,0.3017548620700836
1,69,0.7920500636100769,0.4478278160095215,0.3442222476005554
1,70,0.9980690479278564,0.5833865404129028,0.414682537317276
1,71,0.7533758878707886,0.4630843997001648,0.2902914881706238
1,72,0.5725595951080322,0.309088796377182,0.2634708285331726
1,73,0.5661221146583557,0.2666165232658386,0.2995055913925171
1,74,0.7872592210769653,0.43070387840270996,0.35655537247657776
1,75,0.7066153287887573,0.43859073519706726,0.2680245637893677
1,76,0.5783888101577759,0.2821454107761383,0.29624342918395996
1,77,0.579216480255127,0.2984078824520111,0.28080859780311584
1,78,1.2113374471664429,0.7975440621376038,0.4137933552265167
1,79,0.7219367027282715,0.45522111654281616,0.26671555638313293
1,80,0.9396706223487854,0.5434267520904541,0.3962438702583313
1,81,0.876267671585083,0.47386622428894043,0.4024014472961426
1,82,0.7261638641357422,0.36150604486465454,0.36465784907341003
1,83,0.7289886474609375,0.36172744631767273,0.3672611713409424
1,84,0.8701493740081787,0.4988775849342346,0.3712717592716217
1,85,0.5789827108383179,0.19842848181724548,0.38055419921875
1,86,0.572228193283081,0.3231681287288666,0.24906006455421448
1,87,0.5929558277130127,0.3056347966194153,0.2873210310935974
1,88,0.6243860721588135,0.24059051275253296,0.38379552960395813
1,89,0.6977674961090088,0.39813482761383057,0.2996326684951782
1,90,0.8182573318481445,0.5659453272819519,0.252312034368515
1,91,0.7756147384643555,0.4495401680469513,0.32607460021972656
1,92,0.63780677318573,0.3244635760784149,0.3133431673049927
1,93,0.8816136717796326,0.519514262676239,0.36209940910339355
1,94,0.8447239995002747,0.4992653727531433,0.34545862674713135
1,95,0.8628247380256653,0.5658336877822876,0.2969910502433777
1,96,0.4995937943458557,0.2211451530456543,0.2784486413002014
1,97,0.8974618911743164,0.4877467155456543,0.4097151756286621
1,98,0.5765264630317688,0.291507363319397,0.2850190997123718
1,99,0.4596860706806183,0.2535817623138428,0.2061043083667755
1,100,0.7294185757637024,0.3779821991920471,0.3514363765716553
1,101,0.7414915561676025,0.44658195972442627,0.29490959644317627
1,102,0.8736310005187988,0.4813767075538635,0.3922542631626129
1,103,0.7089334726333618,0.4154914617538452,0.2934419810771942
1,104,0.6153016686439514,0.3570854067802429,0.2582162618637085
1,105,0.7003514766693115,0.43417733907699585,0.26617416739463806
1,106,0.7370830774307251,0.3911373019218445,0.3459457755088806
1,107,0.4403151273727417,0.23695966601371765,0.20335546135902405
1,108,0.9833081960678101,0.49331510066986084,0.48999306559562683
1,109,0.5445858240127563,0.2886626720428467,0.25592315196990967
1,110,0.8502254486083984,0.48158544301986694,0.3686400055885315
1,111,0.9161168336868286,0.512334942817688,0.40378186106681824
1,112,0.5837736129760742,0.32147425413131714,0.2622993588447571
1,113,0.4495229721069336,0.25269728899002075,0.19682566821575165
1,114,0.7190283536911011,0.40554550290107727,0.3134828805923462
1,115,0.9191213250160217,0.60898756980896,0.31013375520706177
1,116,0.7261093854904175,0.4394932687282562,0.28661608695983887
1,117,0.4951290488243103,0.25466811656951904,0.24046094715595245
1,118,0.8723383545875549,0.5129605531692505,0.35937780141830444
1,119,0.7305237650871277,0.4303615689277649,0.3001621961593628
1,120,0.742303729057312,0.4593004286289215,0.2830033302307129
1,121,0.5897867679595947,0.37617069482803345,0.21361605823040009
1,122,0.8430454730987549,0.43080100417137146,0.4122444689273834
1,123,0.6544422507286072,0.3625268340110779,0.2919154167175293
1,124,0.5413352251052856,0.2415921688079834,0.29974305629730225
1,125,0.6934030055999756,0.3930050730705261,0.30039793252944946
1,126,0.6282606720924377,0.3326007127761841,0.29565995931625366
1,127,0.6344666481018066,0.3489287197589874,0.2855379283428192
1,128,0.7838431596755981,0.41272997856140137,0.3711131811141968
1,129,0.726251482963562,0.37644118070602417,0.34981030225753784
1,130,0.8251904249191284,0.46274569630622864,0.3624446988105774
1,131,0.7268310785293579,0.4181132912635803,0.3087177872657776
1,132,0.7153614163398743,0.4014594554901123,0.31390196084976196
1,133,0.7536846399307251,0.4546869397163391,0.298997700214386
1,134,0.8324533700942993,0.4518197774887085,0.38063356280326843
1,135,0.9870930910110474,0.6218580007553101,0.3652350604534149
1,136,0.5949660539627075,0.2889925241470337,0.30597350001335144
1,137,0.5953048467636108,0.32003986835479736,0.2752649486064911
1,138,0.786539614200592,0.4683980345726013,0.3181415796279907
1,139,0.6869480609893799,0.3557325005531311,0.3312155604362488
1,140,0.6706264615058899,0.3949282169342041,0.2756982445716858
1,141,0.7111822366714478,0.3591890037059784,0.35199326276779175
1,142,0.8893102407455444,0.45552119612693787,0.4337890148162842
1,143,0.6560044288635254,0.2962968945503235,0.3597075641155243
1,144,0.8628734350204468,0.40633267164230347,0.4565407633781433
1,145,0.7387244701385498,0.37310415506362915,0.36562031507492065
1,146,0.745356559753418,0.44385069608688354,0.3015058636665344
1,147,0.786957323551178,0.48702287673950195,0.299934446811676
1,148,0.832638680934906,0.4860574007034302,0.34658128023147583
1,149,0.695731520652771,0.31157609820365906,0.38415539264678955
1,150,0.8175929188728333,0.4495239853858948,0.3680689334869385
1,151,0.6381713151931763,0.2558774948120117,0.38229382038116455
1,152,0.4296407401561737,0.2371339648962021,0.19250677525997162
1,153,0.47740042209625244,0.2720927894115448,0.20530764758586884
1,154,0.7744780778884888,0.46415984630584717,0.3103182315826416
1,155,0.7543746829032898,0.4515029788017273,0.3028717041015625
1,156,0.6839600205421448,0.37235432863235474,0.31160569190979004
1,157,0.8272022008895874,0.5331360101699829,0.2940661907196045
1,158,0.8532342314720154,0.48731762170791626,0.3659166097640991
1,159,0.6103504300117493,0.3539484143257141,0.25640201568603516
1,160,0.7561756372451782,0.3707272410392761,0.3854483962059021
1,161,0.736761212348938,0.46535375714302063,0.27140742540359497
1,162,0.7696418762207031,0.4522170424461365,0.31742480397224426
1,163,0.7909667491912842,0.37848153710365295,0.4124852418899536
1,164,0.7541489601135254,0.36694347858428955,0.38720545172691345
1,165,0.8689802289009094,0.5767478346824646,0.2922323942184448
1,166,0.5675289630889893,0.31453967094421387,0.2529892921447754
1,167,0.9386706352233887,0.42788511514663696,0.5107855200767517
1,168,1.0185878276824951,0.686316728591919,0.33227115869522095
1,169,0.742539644241333,0.41598188877105713,0.32655778527259827
1,170,0.7845501899719238,0.3980138301849365,0.3865363895893097
1,171,0.6821897625923157,0.32871997356414795,0.3534697890281677
1,172,0.9583604335784912,0.49208682775497437,0.46627363562583923
1,173,0.8912672996520996,0.5605504512786865,0.3307168483734131
1,174,0.7822896838188171,0.43446773290634155,0.3478219509124756
1,175,0.8331248760223389,0.5304878950119019,0.3026369512081146
1,176,0.900959849357605,0.4402886629104614,0.46067115664482117
1,177,0.645522952079773,0.38321685791015625,0.2623061239719391
1,178,0.7938458919525146,0.3297439515590668,0.4641019105911255
1,179,1.0394030809402466,0.5422943830490112,0.49710866808891296
1,180,0.7739330530166626,0.4738091230392456,0.300123929977417
1,181,0.7527933120727539,0.4113389253616333,0.3414543867111206
1,182,0.45844271779060364,0.24296803772449493,0.2154746800661087
1,183,0.6246933341026306,0.323569655418396,0.3011236786842346
1,184,0.6654708981513977,0.40491557121276855,0.26055532693862915
1,185,0.8025691509246826,0.4615323841571808,0.34103676676750183
1,186,0.7345203161239624,0.3754799962043762,0.3590403199195862
1,187,0.6682272553443909,0.34716904163360596,0.3210582137107849
1,188,0.7234599590301514,0.2893117666244507,0.43414822220802307
1,189,0.6023070812225342,0.3237793445587158,0.27852770686149597
1,190,0.5485019683837891,0.2628055810928345,0.2856963872909546
1,191,0.8922281265258789,0.41813361644744873,0.4740945100784302
1,192,0.5814695358276367,0.3100888729095459,0.2713806629180908
1,193,0.728927731513977,0.3704947233200073,0.35843297839164734
1,194,0.885085940361023,0.5071365237236023,0.37794944643974304
1,195,0.7459403872489929,0.4581058919429779,0.287834495306015
1,196,0.6348642706871033,0.35653620958328247,0.2783280611038208
1,197,0.6653962731361389,0.320002019405365,0.3453942537307739
1,198,0.7466166019439697,0.4397597014904022,0.3068568706512451
1,199,0.8008649349212646,0.4598192274570465,0.3410457372665405
1,200,0.761690616607666,0.383610337972641,0.3780803084373474
1,201,1.1460062265396118,0.7478208541870117,0.3981853723526001
1,202,0.7818061113357544,0.4085088074207306,0.3732973039150238
1,203,0.6542773246765137,0.33463191986083984,0.31964540481567383
1,204,0.8572471737861633,0.42236918210983276,0.43487799167633057
1,205,0.7369228005409241,0.37373125553131104,0.36319154500961304
1,206,0.785830020904541,0.4335225820541382,0.35230740904808044
1,207,0.8927139043807983,0.47473305463790894,0.4179808497428894
1,208,0.6315805912017822,0.30971020460128784,0.3218704164028168
1,209,0.755895733833313,0.36378252506256104,0.39211320877075195
1,210,0.8502037525177002,0.41721755266189575,0.43298619985580444
1,211,0.6654043197631836,0.442632794380188,0.22277149558067322
1,212,0.6952430009841919,0.47369372844696045,0.22154930233955383
1,213,0.7881208062171936,0.41250699758529663,0.375613808631897
1,214,0.5825642943382263,0.28048378229141235,0.30208051204681396
1,215,0.6379305124282837,0.30219322443008423,0.33573728799819946
1,216,0.6185271143913269,0.3740482032299042,0.24447891116142273
1,217,0.7504398822784424,0.44005417823791504,0.31038567423820496
1,218,0.7795947790145874,0.3986637592315674,0.38093101978302
1,219,0.66719651222229,0.3235175907611847,0.34367895126342773
1,220,0.716188907623291,0.38567054271698,0.33051833510398865
1,221,0.9338902235031128,0.3834327161312103,0.5504574775695801
1,222,0.602557897567749,0.28692910075187683,0.3156288266181946
1,223,0.4443429112434387,0.26665008068084717,0.17769281566143036
1,224,1.4347712993621826,0.6657658815383911,0.7690054178237915
1,225,1.569041132926941,1.072445273399353,0.4965958893299103
1,226,0.7409948110580444,0.4202083945274353,0.3207864463329315
1,227,0.4906098246574402,0.24698136746883392,0.24362845718860626
1,228,0.6520695686340332,0.3054566979408264,0.3466128706932068
1,229,0.7048062682151794,0.36815255880355835,0.3366537094116211
1,230,0.6675466299057007,0.3493514060974121,0.3181952238082886
1,231,0.8197572231292725,0.38409513235092163,0.43566209077835083
1,232,0.7884260416030884,0.4755339026451111,0.3128921389579773
1,233,0.6881807446479797,0.3925895392894745,0.29559120535850525
1,234,0.6597751379013062,0.3185805380344391,0.34119462966918945
1,235,0.620093584060669,0.34182029962539673,0.2782732844352722
1,236,0.9020739793777466,0.5536653995513916,0.34840860962867737
1,237,0.5544177293777466,0.317008912563324,0.237408846616745
1,238,0.7600123882293701,0.4541598856449127,0.305852472782135
1,239,0.8000888824462891,0.4809032678604126,0.31918561458587646
1,240,0.62314772605896,0.33112239837646484,0.2920253276824951
1,241,0.6345988512039185,0.26960092782974243,0.364997923374176
1,242,0.5865306854248047,0.26853179931640625,0.3179989159107208
1,243,0.7998460531234741,0.417990505695343,0.3818555176258087
1,244,0.6985024213790894,0.40484297275543213,0.2936594486236572
1,245,0.8732433319091797,0.4426116347312927,0.43063169717788696
1,246,0.7156697511672974,0.48289358615875244,0.23277616500854492
1,247,0.5709909796714783,0.34028786420822144,0.23070311546325684
1,248,0.7856101989746094,0.42012205719947815,0.3654881715774536
1,249,0.8481301069259644,0.4388786554336548,0.40925148129463196
1,250,0.7903823852539062,0.4775967001914978,0.31278565526008606
1,251,0.7130153775215149,0.3885428309440613,0.3244725465774536
1,252,0.8042473793029785,0.47798824310302734,0.3262591063976288
1,253,0.6200135350227356,0.2937462329864502,0.3262673020362854
1,254,0.7907065153121948,0.44769611954689026,0.3430103659629822
1,255,0.7438451051712036,0.4083330035209656,0.3355121314525604
1,256,0.4199163317680359,0.1996973752975464,0.2202189564704895
1,257,0.5594561696052551,0.27286893129348755,0.2865872383117676
1,258,0.891205370426178,0.47351834177970886,0.4176870286464691
1,259,0.7593863010406494,0.4098320007324219,0.34955427050590515
1,260,0.45703428983688354,0.22879907488822937,0.22823521494865417
1,261,0.8360097408294678,0.4764105975627899,0.35959911346435547
1,262,1.128676176071167,0.6489647626876831,0.4797113537788391
1,263,0.8855842351913452,0.5238314867019653,0.3617527484893799
1,264,0.8667671084403992,0.5226514339447021,0.344115674495697
1,265,0.8270965814590454,0.488026887178421,0.3390697240829468
1,266,0.9032220840454102,0.5007093548774719,0.40251272916793823
1,267,0.7263290286064148,0.4090725779533386,0.31725645065307617
1,268,0.666955828666687,0.38918337225914,0.2777724862098694
1,269,0.5850926637649536,0.29851388931274414,0.2865787446498871
1,270,0.8178954720497131,0.508265495300293,0.30962997674942017
1,271,0.7682387828826904,0.4508190453052521,0.31741976737976074
1,272,0.8102207183837891,0.5064957141876221,0.303725004196167
1,273,0.525063157081604,0.277228981256485,0.24783417582511902
1,274,0.6047504544258118,0.29957717657089233,0.30517327785491943
1,275,0.9375356435775757,0.5538759231567383,0.3836597204208374
1,276,0.4585748314857483,0.29015618562698364,0.16841864585876465
1,277,0.8866930603981018,0.573482871055603,0.3132101893424988
1,278,1.139195203781128,0.7063194513320923,0.4328758120536804
1,279,0.6723965406417847,0.31591373682022095,0.3564828336238861
1,280,0.6074265837669373,0.3471563160419464,0.26027026772499084
1,281,0.4604317843914032,0.22019776701927185,0.24023401737213135
1,282,0.7487722635269165,0.4279342293739319,0.3208380341529846
1,283,0.5976287126541138,0.2221234142780304,0.375505268573761
1,284,1.118833303451538,0.7651067972183228,0.35372644662857056
1,285,0.41961202025413513,0.18589156866073608,0.23372045159339905
1,286,0.8973448276519775,0.5262607932090759,0.3710840344429016
1,287,0.5159702301025391,0.2566746771335602,0.25929558277130127
1,288,0.6829087138175964,0.38597947359085083,0.2969292402267456
1,289,0.7474668025970459,0.3850480318069458,0.3624187707901001
1,290,0.4609760344028473,0.20334386825561523,0.25763216614723206
1,291,0.9106422662734985,0.5088911056518555,0.40175116062164307
1,292,0.8220038414001465,0.41330426931381226,0.40869957208633423
1,293,0.6267311573028564,0.28921201825141907,0.33751916885375977
1,294,0.6904177665710449,0.34861016273498535,0.34180760383605957
1,295,0.8140534162521362,0.44947943091392517,0.36457401514053345
1,296,0.5838195085525513,0.29508376121520996,0.2887357771396637
1,297,0.7707664966583252,0.46056485176086426,0.3102016746997833
1,298,0.5899051427841187,0.3273671865463257,0.26253798604011536
1,299,0.5560124516487122,0.21168993413448334,0.34432253241539
1,300,0.7317392230033875,0.3964990973472595,0.33524012565612793
1,301,0.600714385509491,0.3326178193092346,0.26809656620025635
1,302,0.7450946569442749,0.4595443308353424,0.2855503559112549
1,303,0.7182068824768066,0.37625575065612793,0.3419511318206787
1,304,0.6010419130325317,0.301498681306839,0.29954320192337036
1,305,0.756609320640564,0.4030289649963379,0.35358038544654846
1,306,0.6493590474128723,0.28749150037765503,0.3618675470352173
1,307,0.5966470837593079,0.29806041717529297,0.2985866665840149
1,308,0.32972365617752075,0.15945152938365936,0.1702721118927002
1,309,0.7985011339187622,0.4690326452255249,0.3294684886932373
1,310,0.7443109750747681,0.40488022565841675,0.3394307494163513
1,311,0.7080724239349365,0.4209638833999634,0.28710851073265076
1,312,0.7265768051147461,0.46359044313430786,0.26298633217811584
1,313,1.0400562286376953,0.6359434723854065,0.40411269664764404
1,314,0.5756538510322571,0.33443009853363037,0.2412237524986267
1,315,0.8943434953689575,0.5794224739074707,0.3149210512638092
1,316,0.6846237778663635,0.31548577547073364,0.3691380023956299
1,317,0.788088858127594,0.48949915170669556,0.29858970642089844
1,318,0.6306501626968384,0.41598790884017944,0.21466225385665894
1,319,0.6894951462745667,0.4109381437301636,0.2785570025444031
1,320,0.5397042036056519,0.28488314151763916,0.2548210322856903
1,321,1.237964153289795,0.6193057298660278,0.6186584234237671
1,322,0.9092363119125366,0.46292781829833984,0.4463084936141968
1,323,0.8216347694396973,0.3489387631416321,0.4726960361003876
1,324,0.7333886623382568,0.43013736605644226,0.3032512664794922
1,325,0.7420355081558228,0.4004243314266205,0.34161117672920227
1,326,0.7033735513687134,0.4440118968486786,0.2593616545200348
1,327,0.7140828371047974,0.40301448106765747,0.3110683858394623
1,328,0.66102534532547,0.38158684968948364,0.27943849563598633
1,329,0.9648240804672241,0.44884541630744934,0.5159786939620972
1,330,0.7170248031616211,0.340000718832016,0.3770240545272827
1,331,0.7982438802719116,0.40613412857055664,0.392109751701355
1,332,0.6731083393096924,0.41266560554504395,0.26044270396232605
1,333,0.7317425012588501,0.4135274887084961,0.318215012550354
1,334,0.3634069263935089,0.20099300146102905,0.16241392493247986
1,335,0.5496481657028198,0.2459913045167923,0.30365684628486633
1,336,0.4151233434677124,0.1987728476524353,0.2163504958152771
1,337,0.6273733973503113,0.36197429895401,0.26539909839630127
1,338,0.8468329906463623,0.5218709707260132,0.3249620199203491
1,339,0.7951871156692505,0.4505453407764435,0.3446418046951294
1,340,0.7935173511505127,0.43426215648651123,0.35925522446632385
1,341,0.7783957719802856,0.48834457993507385,0.2900511920452118
1,342,0.5658870935440063,0.31583765149116516,0.2500494718551636
1,343,0.7817673683166504,0.42580345273017883,0.35596388578414917
1,344,1.0036160945892334,0.5829730033874512,0.42064303159713745
1,345,0.7548485398292542,0.38612496852874756,0.3687235713005066
1,346,0.7653274536132812,0.43734532594680786,0.3279821276664734
1,347,0.5109608769416809,0.2521481513977051,0.25881272554397583
1,348,1.0089657306671143,0.6297001242637634,0.3792656660079956
1,349,0.5543670654296875,0.22259709239006042,0.33177000284194946
1,350,0.5207414627075195,0.2070520520210266,0.3136894106864929
1,351,0.5374467372894287,0.31276801228523254,0.22467869520187378
1,352,0.8784648180007935,0.46197712421417236,0.4164876639842987
1,353,0.6166740655899048,0.27655893564224243,0.34011515974998474
1,354,0.5744005441665649,0.35098588466644287,0.22341462969779968
1,355,0.787735104560852,0.3744521141052246,0.41328299045562744
1,356,0.5893495082855225,0.2722139358520508,0.3171355724334717
1,357,0.7861323356628418,0.33930447697639465,0.44682788848876953
1,358,0.7734442949295044,0.44651249051094055,0.32693177461624146
1,359,0.722108006477356,0.3216634690761566,0.40044456720352173
1,360,0.7436721324920654,0.36391255259513855,0.37975960969924927
1,361,0.5424032807350159,0.23691095411777496,0.3054923415184021
1,362,0.5319214463233948,0.27584826946258545,0.2560731768608093
1,363,0.9475165605545044,0.5606680512428284,0.3868485391139984
1,364,0.7509618997573853,0.37063878774642944,0.3803230822086334
1,365,1.1792325973510742,0.857475757598877,0.32175683975219727
1,366,0.7482766509056091,0.45818766951560974,0.2900889813899994
1,367,0.6920018196105957,0.2914167046546936,0.4005851149559021
1,368,0.7249189615249634,0.3363003134727478,0.3886186182498932
1,369,0.7216553092002869,0.468533992767334,0.2531213164329529
1,370,0.7096525430679321,0.38983333110809326,0.31981924176216125
1,371,0.9248567223548889,0.5315052270889282,0.3933514952659607
1,372,0.9891712069511414,0.5243942737579346,0.4647769331932068
1,373,0.8438516855239868,0.4535147547721863,0.39033693075180054
1,374,0.7306524515151978,0.45644456148147583,0.2742078900337219
1,375,0.6680257320404053,0.36974912881851196,0.2982766032218933
1,376,0.6451514959335327,0.3505152463912964,0.29463624954223633
1,377,0.8912675976753235,0.5335441827774048,0.3577234148979187
1,378,0.6808735132217407,0.36102038621902466,0.31985312700271606
1,379,0.7842153310775757,0.40256229043006897,0.3816530704498291
1,380,0.7951642870903015,0.5405148267745972,0.25464946031570435
1,381,0.6229247450828552,0.3207789659500122,0.302145779132843
1,382,0.6362617611885071,0.3922452926635742,0.24401645362377167
1,383,0.7707179188728333,0.40942180156707764,0.3612961173057556
1,384,0.5238712430000305,0.31437942385673523,0.2094918191432953
1,385,0.4885097146034241,0.23593536019325256,0.2525743544101715
1,386,0.7055581212043762,0.4327198266983032,0.272838294506073
1,387,0.4920470118522644,0.26654374599456787,0.22550326585769653
1,388,0.7666438817977905,0.34442639350891113,0.4222175180912018
1,389,0.6086503267288208,0.34171247482299805,0.26693785190582275
1,390,0.7639232277870178,0.3508061170578003,0.41311711072921753
1,391,0.4497327208518982,0.21910668909549713,0.23062604665756226
1,392,0.4951988458633423,0.23893272876739502,0.25626611709594727
1,393,1.0961315631866455,0.56480872631073,0.5313228964805603
1,394,0.6895205974578857,0.35906240344047546,0.3304581642150879
1,395,1.2645318508148193,0.8178288340568542,0.4467029571533203
1,396,0.7909829616546631,0.3886212706565857,0.4023617208003998
1,397,0.7350157499313354,0.4425552189350128,0.29246050119400024
1,398,0.47146087884902954,0.2546956539154053,0.21676521003246307
1,399,0.684928834438324,0.32574039697647095,0.359188437461853
1,400,0.7962391376495361,0.3736054301261902,0.42263373732566833
1,401,0.8815983533859253,0.4928740859031677,0.3887242376804352
1,402,0.6250354051589966,0.30611881613731384,0.31891658902168274
1,403,0.6734042763710022,0.41116032004356384,0.26224395632743835
1,404,0.5346583127975464,0.2197135090827942,0.3149447739124298
1,405,0.5435199737548828,0.24442143738269806,0.29909855127334595
1,406,1.145782470703125,0.6481366157531738,0.49764591455459595
1,407,0.3868977427482605,0.16587471961975098,0.22102300822734833
1,408,0.7252554297447205,0.2836495339870453,0.44160589575767517
1,409,0.8645782470703125,0.468919575214386,0.3956586718559265
1,410,0.49405020475387573,0.24843981862068176,0.24561038613319397
1,411,0.8483208417892456,0.42136919498443604,0.42695164680480957
1,412,1.2466598749160767,0.7416763305664062,0.5049835443496704
1,413,0.75019371509552,0.3915048837661743,0.3586888313293457
1,414,0.7843413352966309,0.3465385437011719,0.437802791595459
1,415,0.819904088973999,0.4222547113895416,0.3976494073867798
1,416,0.7225289344787598,0.33727753162384033,0.38525137305259705
1,417,0.6928256750106812,0.3101886212825775,0.38263702392578125
1,418,0.7583315372467041,0.4085555672645569,0.3497759699821472
1,419,0.5181191563606262,0.25614842772483826,0.26197072863578796
1,420,0.7434519529342651,0.436690092086792,0.30676186084747314
1,421,0.7466472387313843,0.40418070554733276,0.3424665331840515
1,422,0.6343114376068115,0.3603042960166931,0.2740071415901184
1,423,0.8245490193367004,0.364190936088562,0.4603580832481384
1,424,0.5612908601760864,0.2948395907878876,0.26645123958587646
1,425,0.6821726560592651,0.3224835991859436,0.35968902707099915
1,426,1.1966681480407715,0.7239550948143005,0.47271305322647095
1,427,0.8323757648468018,0.48625510931015015,0.3461206257343292
1,428,0.6748079657554626,0.39004915952682495,0.2847588062286377
1,429,0.8800376653671265,0.41370895504951477,0.4663287103176117
1,430,0.7649753093719482,0.41561073064804077,0.34936457872390747
1,431,0.7628267407417297,0.4627164602279663,0.3001102805137634
1,432,0.5851798057556152,0.2740856409072876,0.31109419465065
1,433,0.6533146500587463,0.3572830557823181,0.2960315942764282
1,434,0.5618904232978821,0.2911531925201416,0.2707372307777405
1,435,0.6355022192001343,0.31703197956085205,0.3184702396392822
1,436,1.001685380935669,0.5741925835609436,0.42749276757240295
1,437,0.6526330709457397,0.3667794466018677,0.28585362434387207
1,438,0.7416571378707886,0.354839026927948,0.3868180811405182
1,439,0.7887238264083862,0.43550020456314087,0.35322362184524536
1,440,0.6470752954483032,0.3876425623893738,0.25943270325660706
1,441,0.8848637342453003,0.40947407484054565,0.47538962960243225
1,442,0.6523168087005615,0.3263128101825714,0.3260039985179901
1,443,0.39918825030326843,0.1994498074054718,0.19973844289779663
1,444,0.7452046871185303,0.38742491602897644,0.35777974128723145
1,445,0.783455491065979,0.4538710117340088,0.3295844793319702
1,446,0.6737337112426758,0.30635741353034973,0.36737626791000366
1,447,0.697854220867157,0.3661273717880249,0.3317268490791321
1,448,0.6113495826721191,0.31450480222702026,0.2968447804450989
1,449,0.9068174362182617,0.5451321601867676,0.36168530583381653
1,450,0.5596780776977539,0.2690471112728119,0.2906309962272644
1,451,0.5046658515930176,0.298179030418396,0.2064867913722992
1,452,0.695102334022522,0.3578711748123169,0.33723118901252747
1,453,0.8123804330825806,0.36267369985580444,0.44970670342445374
1,454,0.6152461767196655,0.32169681787490845,0.2935493588447571
1,455,0.5013821125030518,0.23538465797901154,0.2659974694252014
1,456,0.5712874531745911,0.3159272074699402,0.2553602457046509
1,457,1.05745267868042,0.6801765561103821,0.3772761821746826
1,458,0.6388117671012878,0.3173714876174927,0.32144027948379517
1,459,0.5543638467788696,0.3640669882297516,0.19029685854911804
1,460,0.5869054794311523,0.3008849024772644,0.2860206067562103
1,461,0.6806217432022095,0.3557996153831482,0.3248220980167389
1,462,0.8467556238174438,0.3906012177467346,0.4561544358730316
1,463,0.9797685742378235,0.6179451942443848,0.3618233799934387
1,464,0.746640682220459,0.4509526491165161,0.29568806290626526
1,465,0.5653359293937683,0.3204909563064575,0.24484498798847198
1,466,1.0644546747207642,0.6871170401573181,0.37733766436576843
1,467,0.5220194458961487,0.31054332852363586,0.211476132273674
1,468,0.8895751237869263,0.5095858573913574,0.37998926639556885
1,469,0.8992490172386169,0.430588960647583,0.46866005659103394
1,470,1.0060465335845947,0.58730149269104,0.4187450706958771
1,471,0.5549989342689514,0.21353411674499512,0.3414648175239563
1,472,0.8114561438560486,0.5342603921890259,0.2771957516670227
1,473,0.7629200220108032,0.48324763774871826,0.2796723544597626
1,474,0.6599864959716797,0.32682865858078003,0.33315780758857727
1,475,0.49482637643814087,0.2677363157272339,0.2270900458097458
1,476,0.85566246509552,0.44118309020996094,0.41447940468788147
1,477,0.5224943161010742,0.33831316232681274,0.18418118357658386
1,478,0.6797133684158325,0.4039803743362427,0.27573299407958984
1,479,0.6611299514770508,0.3596264123916626,0.3015035092830658
1,480,0.7031832933425903,0.37606433033943176,0.32711899280548096
1,481,0.7984948754310608,0.4023182988166809,0.3961765766143799
1,482,0.4939981997013092,0.20810475945472717,0.28589344024658203
1,483,0.9486348628997803,0.6477677822113037,0.30086708068847656
1,484,0.589314341545105,0.33812639117240906,0.25118792057037354
1,485,0.8197634220123291,0.41754549741744995,0.40221792459487915
1,486,0.7683604955673218,0.44609805941581726,0.32226240634918213
1,487,0.5534848570823669,0.25104445219039917,0.3024404048919678
1,488,0.9417470097541809,0.514974057674408,0.42677295207977295
1,489,0.7348204851150513,0.2964508831501007,0.4383695721626282
1,490,0.6479623317718506,0.3499038517475128,0.29805850982666016
1,491,0.8486871719360352,0.41740715503692627,0.4312800168991089
1,492,0.5857909917831421,0.32217785716056824,0.26361316442489624
1,493,1.0970313549041748,0.5474541187286377,0.5495771765708923
1,494,0.813191294670105,0.40592339634895325,0.40726786851882935
1,495,0.6264569759368896,0.318851113319397,0.3076058626174927
1,496,0.5457816123962402,0.24895906448364258,0.29682254791259766
1,497,0.7749749422073364,0.45970818400382996,0.31526678800582886
1,498,0.6521811485290527,0.3619091212749481,0.2902720272541046
1,499,0.9380274415016174,0.44222548604011536,0.4958019554615021
1,500,0.5692093372344971,0.27683010697364807,0.2923792004585266
1,501,0.625667929649353,0.2924855649471283,0.33318233489990234
1,502,0.7907102108001709,0.46973422169685364,0.32097601890563965
1,503,0.6962370872497559,0.2960726022720337,0.40016448497772217
1,504,0.803762674331665,0.5067225694656372,0.2970401346683502
1,505,0.5463288426399231,0.2716217339038849,0.2747071087360382
1,506,0.8079411387443542,0.463625431060791,0.34431570768356323
1,507,0.7954621911048889,0.39599674940109253,0.3994654417037964
1,508,1.00007963180542,0.5574238300323486,0.4426557421684265
1,509,0.5933606028556824,0.32032763957977295,0.2730329632759094
1,510,0.7144466638565063,0.3560754954814911,0.35837113857269287
1,511,1.435417652130127,0.9955509901046753,0.4398666322231293
1,512,0.4720829427242279,0.17307156324386597,0.29901137948036194
1,513,0.8362724781036377,0.2660053074359894,0.5702672004699707
1,514,0.9563738107681274,0.617948055267334,0.33842575550079346
1,515,0.8775533437728882,0.4637763202190399,0.41377702355384827
1,516,0.5688552856445312,0.2924785614013672,0.2763766944408417
1,517,0.6975189447402954,0.3582218289375305,0.3392970860004425
1,518,0.5705268979072571,0.3034983277320862,0.2670285701751709
1,519,0.7416547536849976,0.36321431398391724,0.3784404397010803
1,520,0.9573768973350525,0.5653564929962158,0.39202040433883667
1,521,0.8407244086265564,0.3796824812889099,0.4610419273376465
1,522,0.743658185005188,0.44126689434051514,0.30239132046699524
1,523,0.5997581481933594,0.30412817001342773,0.29562997817993164
1,524,0.6111847162246704,0.33599990606307983,0.2751848101615906
1,525,0.8559288382530212,0.4800504446029663,0.37587839365005493
1,526,0.6426653861999512,0.343219518661499,0.29944586753845215
1,527,0.9075831770896912,0.39511168003082275,0.5124714970588684
1,528,0.9001061320304871,0.476510614156723,0.42359551787376404
1,529,0.7617590427398682,0.3599757254123688,0.4017833471298218
1,530,0.723646342754364,0.41544851660728455,0.30819782614707947
1,531,1.2410078048706055,0.7742284536361694,0.46677935123443604
1,532,0.602942168712616,0.3146997392177582,0.2882424294948578
1,533,0.5778651833534241,0.273925244808197,0.30393993854522705
1,534,0.4987703561782837,0.28567206859588623,0.21309828758239746
1,535,0.5659189224243164,0.29025930166244507,0.2756596505641937
1,536,0.708794891834259,0.3133814334869385,0.39541345834732056
1,537,0.6385043859481812,0.2730428874492645,0.365461528301239
1,538,0.5812863111495972,0.211105078458786,0.37018126249313354
1,539,1.9600646495819092,0.5194690227508545,1.4405956268310547
1,540,0.6086229085922241,0.3250662684440613,0.28355664014816284
1,541,0.5570923089981079,0.2341499626636505,0.3229423761367798
1,542,0.8652788400650024,0.5043599605560303,0.36091890931129456
1,543,0.5513144731521606,0.3094567060470581,0.24185773730278015
1,544,0.5090826749801636,0.26708632707595825,0.2419963777065277
1,545,0.5709041357040405,0.3341919779777527,0.23671218752861023
1,546,0.8360766768455505,0.5742282271385193,0.26184844970703125
1,547,0.6530896425247192,0.32473230361938477,0.3283573389053345
1,548,1.3751118183135986,0.8349398374557495,0.5401719808578491
1,549,0.9068710803985596,0.45734402537345886,0.4495270848274231
1,550,0.5882026553153992,0.27794206142425537,0.3102605938911438
1,551,0.5897499918937683,0.3340536952018738,0.25569629669189453
1,552,0.761785626411438,0.4039595127105713,0.3578261435031891
1,553,0.7132246494293213,0.34662988781929016,0.36659473180770874
1,554,0.7762572169303894,0.3559271991252899,0.4203300178050995
1,555,0.8375709056854248,0.3792557418346405,0.4583151340484619
1,556,0.7379260063171387,0.44812095165252686,0.28980502486228943
1,557,0.5264493823051453,0.3113197982311249,0.21512958407402039
1,558,0.7560476064682007,0.4376096725463867,0.31843793392181396
1,559,0.6213607788085938,0.3263475298881531,0.2950132191181183
1,560,0.5356887578964233,0.26303887367248535,0.272649884223938
1,561,0.7466737627983093,0.3724265694618225,0.3742471933364868
1,562,0.7340573072433472,0.4044554531574249,0.32960188388824463
1,563,0.43517497181892395,0.20663413405418396,0.22854083776474
1,564,0.54405677318573,0.25634318590164185,0.2877136170864105
1,565,0.5203130841255188,0.2508854866027832,0.2694275975227356
1,566,0.9744638204574585,0.5163782835006714,0.4580855667591095
1,567,0.7187472581863403,0.43343716859817505,0.2853100597858429
1,568,0.5105417966842651,0.2326059192419052,0.2779358923435211
1,569,0.7592936158180237,0.46199119091033936,0.2973024249076843
1,570,0.8433827757835388,0.43254968523979187,0.41083309054374695
1,571,0.6521625518798828,0.34245726466178894,0.3097052574157715
1,572,0.5928196907043457,0.2956593632698059,0.2971603274345398
1,573,0.7390178442001343,0.326578825712204,0.4124390482902527
1,574,0.7878487706184387,0.3929394483566284,0.3949093222618103
1,575,0.7184852361679077,0.4166756272315979,0.3018095791339874
1,576,0.7168312668800354,0.39697930216789246,0.31985196471214294
1,577,0.6214432716369629,0.35302063822746277,0.2684226632118225
1,578,0.894595742225647,0.4116835594177246,0.48291218280792236
1,579,0.5437541604042053,0.2753068208694458,0.2684473395347595
1,580,1.0101808309555054,0.6047858595848083,0.405394971370697
1,581,0.968759298324585,0.5660865902900696,0.4026727080345154
1,582,0.5392029881477356,0.2365032136440277,0.3026997745037079
1,583,0.882066547870636,0.5164780020713806,0.36558854579925537
1,584,0.5976084470748901,0.3635075092315674,0.23410092294216156
1,585,0.6013898849487305,0.27891772985458374,0.32247215509414673
1,586,0.6473495960235596,0.38384997844696045,0.2634996175765991
1,587,0.9305577278137207,0.5189472436904907,0.41161048412323
1,588,0.4131752848625183,0.19825737178325653,0.21491789817810059
1,589,0.8669394254684448,0.37552109360694885,0.49141833186149597
1,590,0.7308204770088196,0.35366225242614746,0.3771582245826721
1,591,0.6365185976028442,0.3775649964809418,0.25895363092422485
1,592,0.5590198040008545,0.2936161756515503,0.2654036581516266
1,593,0.48132938146591187,0.18732988834381104,0.29399949312210083
1,594,0.5480470657348633,0.24339106678962708,0.3046559691429138
1,595,0.5985444784164429,0.2525390684604645,0.3460054397583008
1,596,0.886683464050293,0.4780440628528595,0.4086393713951111
1,597,0.4618743360042572,0.24544769525527954,0.21642664074897766
1,598,0.5726553201675415,0.2642514109611511,0.3084039092063904
1,599,0.926891028881073,0.505173921585083,0.42171710729599
1,600,0.6848345994949341,0.3713478446006775,0.3134867548942566
1,601,0.6593519449234009,0.35779452323913574,0.30155739188194275
1,602,0.9312753677368164,0.4841154217720032,0.44715991616249084
1,603,0.6569678783416748,0.3161148428916931,0.3408530652523041
1,604,0.5502377152442932,0.22413474321365356,0.32610297203063965
1,605,0.9351754784584045,0.488489031791687,0.44668644666671753
1,606,0.6176137924194336,0.27085360884666443,0.3467601537704468
1,607,1.015641212463379,0.6102708578109741,0.4053703546524048
1,608,0.8047957420349121,0.46861836314201355,0.33617734909057617
1,609,0.57928466796875,0.3232272267341614,0.25605741143226624
1,610,1.1412999629974365,0.7195252180099487,0.4217747151851654
1,611,1.146416425704956,0.5331804752349854,0.6132359504699707
1,612,0.6305997371673584,0.27915844321250916,0.35144129395484924
1,613,0.6242839097976685,0.1962006688117981,0.42808324098587036
1,614,0.7392764091491699,0.3354637622833252,0.4038126468658447
1,615,0.5822737216949463,0.2868000864982605,0.2954736649990082
1,616,0.9343761205673218,0.6175132393836975,0.3168628513813019
1,617,0.7933132648468018,0.3556327223777771,0.43768054246902466
1,618,0.6951544284820557,0.3428879380226135,0.35226649045944214
1,619,0.9004564881324768,0.49601083993911743,0.4044456481933594
1,620,1.091692566871643,0.6499917507171631,0.44170081615448
1,621,0.5047382116317749,0.22167623043060303,0.2830619812011719
1,622,0.7322084903717041,0.40124472975730896,0.33096373081207275
1,623,0.8822576999664307,0.45866304636001587,0.4235946536064148
1,624,0.6276260614395142,0.29336169362068176,0.33426433801651
1,625,0.8073670864105225,0.39551183581352234,0.4118552803993225
1,626,0.6060454249382019,0.24016940593719482,0.3658760190010071
1,627,1.0271706581115723,0.5683227777481079,0.45884791016578674
1,628,0.5387470722198486,0.2626166343688965,0.27613043785095215
1,629,0.7704821825027466,0.38683903217315674,0.38364312052726746
1,630,0.6493640542030334,0.35290735960006714,0.2964566946029663
1,631,0.8590381145477295,0.5529434680938721,0.3060946464538574
1,632,0.5158222913742065,0.2722613215446472,0.24356094002723694
1,633,0.7015140056610107,0.4210019111633301,0.28051212430000305
1,634,0.7279797196388245,0.4336351156234741,0.29434460401535034
1,635,0.5477533936500549,0.26371872425079346,0.2840346693992615
1,636,1.0962398052215576,0.6441332697868347,0.4521064758300781
1,637,0.754751443862915,0.4735181927680969,0.2812332212924957
1,638,0.6616676449775696,0.3035138249397278,0.3581538200378418
1,639,0.7649129629135132,0.30909499526023865,0.4558179974555969
1,640,0.5746446847915649,0.34697240591049194,0.227672278881073
1,641,0.710105836391449,0.45199042558670044,0.25811541080474854
1,642,0.8141557574272156,0.5533201694488525,0.26083558797836304
1,643,0.7353760004043579,0.4167674481868744,0.3186085820198059
1,644,0.6541112661361694,0.373863160610199,0.28024810552597046
1,645,0.8834654092788696,0.424123615026474,0.459341824054718
1,646,0.6664000749588013,0.3576938807964325,0.3087061643600464
1,647,0.5126791596412659,0.2084645926952362,0.30421456694602966
1,648,0.6128363609313965,0.31132322549819946,0.301513135433197
1,649,0.8014965057373047,0.3844060003757477,0.4170905351638794
1,650,0.5492467284202576,0.22101399302482605,0.3282327353954315
1,651,0.5365728139877319,0.29161307215690613,0.2449597418308258
1,652,0.7073361873626709,0.373409241437912,0.3339269459247589
1,653,0.6597737669944763,0.29349929094314575,0.36627447605133057
1,654,0.5843448638916016,0.2504088878631592,0.33393594622612
1,655,0.5460972785949707,0.16882872581481934,0.37726858258247375
1,656,0.8281378149986267,0.44203853607177734,0.38609927892684937
1,657,0.7780859470367432,0.3203178942203522,0.4577680826187134
1,658,0.7029992341995239,0.37218543887138367,0.33081376552581787
1,659,0.899407148361206,0.5002195239067078,0.3991876244544983
1,660,0.6111246347427368,0.336024671792984,0.2750999331474304
1,661,1.4465010166168213,0.9738229513168335,0.47267812490463257
1,662,0.4681224822998047,0.21098268032073975,0.25713980197906494
1,663,0.5924267768859863,0.36269867420196533,0.2297280728816986
1,664,0.5025748610496521,0.27675265073776245,0.22582219541072845
1,665,0.7697014212608337,0.363176167011261,0.40652525424957275
1,666,0.7018788456916809,0.2945851981639862,0.4072936475276947
1,667,0.9019116163253784,0.4379550814628601,0.4639565348625183
1,668,0.7301943302154541,0.42648088932037354,0.30371344089508057
1,669,0.7620930075645447,0.46700525283813477,0.2950877547264099
1,670,0.7263789176940918,0.5292624235153198,0.19711652398109436
1,671,0.6422275900840759,0.4046868681907654,0.23754072189331055
1,672,0.4213944673538208,0.2123526930809021,0.2090417742729187
1,673,0.4753837585449219,0.24940885603427887,0.2259749174118042
1,674,0.6759283542633057,0.35222870111465454,0.3236996829509735
1,675,0.4461941421031952,0.2226400375366211,0.2235541045665741
1,676,0.5118495225906372,0.24225208163261414,0.2695974111557007
1,677,0.5688380002975464,0.3299177289009094,0.23892025649547577
1,678,0.8672317862510681,0.4739668369293213,0.3932649493217468
1,679,1.135998010635376,0.7635154128074646,0.3724825978279114
1,680,0.6014763712882996,0.27407991886138916,0.3273964524269104
1,681,0.4990306496620178,0.22895261645317078,0.27007803320884705
1,682,0.5669655203819275,0.27808159589767456,0.28888392448425293
1,683,0.8015953302383423,0.4522997736930847,0.34929555654525757
1,684,0.6630893349647522,0.40196335315704346,0.26112598180770874
1,685,0.9848568439483643,0.5463589429855347,0.4384979009628296
1,686,0.6469219326972961,0.30483871698379517,0.342083215713501
1,687,0.7612184286117554,0.38558611273765564,0.3756323456764221
1,688,0.9129421710968018,0.5086814165115356,0.4042607247829437
1,689,0.4065524935722351,0.20549267530441284,0.20105980336666107
1,690,0.6345999240875244,0.3159112334251404,0.31868869066238403
1,691,0.7942063808441162,0.38359612226486206,0.41061025857925415
1,692,0.7411494255065918,0.5027532577514648,0.23839619755744934
1,693,0.8109102249145508,0.45870596170425415,0.35220426321029663
1,694,0.40079495310783386,0.2470119595527649,0.15378299355506897
1,695,0.769426167011261,0.487592875957489,0.281833291053772
1,696,1.0985560417175293,0.6826435327529907,0.4159124493598938
1,697,0.5888381004333496,0.29662004113197327,0.29221808910369873
1,698,0.4755517244338989,0.22636602818965912,0.249185711145401
1,699,0.5408134460449219,0.3070705533027649,0.23374292254447937
1,700,0.7155795693397522,0.3095383644104004,0.4060412049293518
1,701,0.9339758157730103,0.4337891936302185,0.5001866221427917
1,702,0.540802538394928,0.3038181662559509,0.23698435723781586
1,703,0.4873340129852295,0.2215701937675476,0.2657638192176819
1,704,0.7942150831222534,0.3844699263572693,0.40974515676498413
1,705,0.5230099558830261,0.289153516292572,0.2338564246892929
1,706,0.813927173614502,0.3629608452320099,0.45096635818481445
1,707,0.4755016565322876,0.24196255207061768,0.23353908956050873
1,708,0.5867500305175781,0.2740965485572815,0.31265348196029663
1,709,0.5109819173812866,0.20878754556179047,0.30219435691833496
1,710,0.603299617767334,0.2844526469707489,0.3188469409942627
1,711,0.6289532780647278,0.24932760000228882,0.37962567806243896
1,712,0.6921203136444092,0.3050762712955475,0.3870440721511841
1,713,0.6661592125892639,0.4059896767139435,0.26016953587532043
1,714,0.5885359048843384,0.3299998939037323,0.25853604078292847
1,715,0.8172832727432251,0.387458473443985,0.4298248291015625
1,716,0.42755579948425293,0.1427985429763794,0.28475725650787354
1,717,0.9754680395126343,0.5165770649909973,0.45889097452163696
1,718,1.0893409252166748,0.6928991675376892,0.39644181728363037
1,719,0.9051403999328613,0.5241493582725525,0.38099104166030884
1,720,0.5793811678886414,0.24926656484603882,0.33011460304260254
1,721,0.9757338762283325,0.6292462348937988,0.3464876115322113
1,722,0.6057027578353882,0.31616005301475525,0.28954267501831055
1,723,0.7649984359741211,0.3051348626613617,0.459863543510437
1,724,0.6267812252044678,0.31503111124038696,0.3117501139640808
1,725,0.5701892375946045,0.28150036931037903,0.2886888384819031
1,726,0.7007838487625122,0.34695056080818176,0.35383328795433044
1,727,0.6568776369094849,0.3145166337490082,0.3423609733581543
1,728,0.7215126752853394,0.3744431436061859,0.34706956148147583
1,729,0.6936632394790649,0.4183935225009918,0.2752697467803955
1,730,0.9744219779968262,0.5344114899635315,0.4400104880332947
1,731,0.805435061454773,0.46554410457611084,0.3398909270763397
1,732,0.5920573472976685,0.26029282808303833,0.3317645192146301
1,733,0.7226932048797607,0.3521597981452942,0.37053340673446655
1,734,0.644754946231842,0.3346887230873108,0.31006622314453125
1,735,0.8517168760299683,0.5162111520767212,0.33550575375556946
1,736,0.6305527091026306,0.3872610330581665,0.2432916909456253
1,737,0.5702769756317139,0.2080974578857422,0.3621795177459717
1,738,0.6958205699920654,0.33343106508255005,0.3623895049095154
1,739,0.47083780169487,0.26680776476860046,0.20403003692626953
1,740,0.6921535730361938,0.36127519607543945,0.3308784067630768
1,741,0.6518560647964478,0.29678064584732056,0.3550754487514496
1,742,0.6022922396659851,0.3185913562774658,0.2837008833885193
1,743,0.6481918096542358,0.3470677137374878,0.30112406611442566
1,744,0.7689793109893799,0.39174237847328186,0.3772369623184204
1,745,0.8362833261489868,0.3838062882423401,0.4524770677089691
1,746,0.763358473777771,0.36921223998069763,0.39414626359939575
1,747,0.554820716381073,0.2852404713630676,0.26958024501800537
1,748,0.8136695623397827,0.4023192226886749,0.4113503098487854
1,749,0.6931251883506775,0.21913957595825195,0.47398561239242554
1,750,0.6798593997955322,0.3436580002307892,0.33620136976242065
1,751,0.7485572695732117,0.2685313820838928,0.48002588748931885
1,752,0.6509085893630981,0.3158528208732605,0.33505576848983765
1,753,0.6079946756362915,0.3029647171497345,0.3050299286842346
1,754,0.6845265626907349,0.39780643582344055,0.2867201566696167
1,755,0.8582335114479065,0.4462451934814453,0.4119883179664612
1,756,0.7238509654998779,0.34587913751602173,0.3779718279838562
1,757,0.5856756567955017,0.266829252243042,0.3188464045524597
1,758,0.7745892405509949,0.38324713706970215,0.3913421034812927
1,759,0.602299690246582,0.2859017550945282,0.3163979649543762
1,760,1.0205779075622559,0.530258059501648,0.4903198778629303
1,761,0.4656335115432739,0.17617571353912354,0.2894577980041504
1,762,0.7101521492004395,0.36770159006118774,0.3424505889415741
1,763,0.7653402090072632,0.4280403256416321,0.3372998833656311
1,764,0.6661030650138855,0.3456876575946808,0.3204154074192047
1,765,0.6273804306983948,0.37827354669570923,0.24910688400268555
1,766,0.6168087720870972,0.33709394931793213,0.27971482276916504
1,767,0.6896564960479736,0.29031139612197876,0.3993450999259949
1,768,0.6662274599075317,0.3946632742881775,0.27156421542167664
1,769,0.6943482160568237,0.37815043330192566,0.31619781255722046
1,770,0.38127401471138,0.16958463191986084,0.21168938279151917
1,771,0.5369906425476074,0.28058451414108276,0.25640612840652466
1,772,0.7507514953613281,0.3376023769378662,0.4131491184234619
1,773,0.5650947093963623,0.35929960012435913,0.20579513907432556
1,774,0.7513172030448914,0.4752840995788574,0.27603310346603394
1,775,0.6925499439239502,0.4226437509059906,0.2699061930179596
1,776,0.5628833174705505,0.32714739441871643,0.2357359230518341
1,777,0.6596134901046753,0.33064019680023193,0.32897326350212097
1,778,0.7485016584396362,0.4312710762023926,0.31723058223724365
1,779,0.5604817867279053,0.2753616273403168,0.2851201593875885
1,780,0.7234643697738647,0.38267964124679565,0.3407847285270691
1,781,0.5671550035476685,0.3250659108161926,0.24208909273147583
1,782,1.3869951963424683,0.918519139289856,0.4684760570526123
1,783,0.5906274318695068,0.2769540250301361,0.31367337703704834
1,784,0.889182448387146,0.5377070307731628,0.35147541761398315
1,785,1.205949306488037,0.8847843408584595,0.3211650252342224
1,786,0.866974949836731,0.5196342468261719,0.3473407030105591
1,787,0.772455632686615,0.4208492636680603,0.3516063690185547
1,788,0.6572679281234741,0.32680535316467285,0.33046257495880127
1,789,0.6492121815681458,0.33698856830596924,0.3122236132621765
1,790,0.616538941860199,0.26204416155815125,0.35449478030204773
1,791,0.6814161539077759,0.33996033668518066,0.3414557874202728
1,792,0.5995128154754639,0.31606271862983704,0.2834501266479492
1,793,0.5797092914581299,0.27000221610069275,0.3097071051597595
1,794,0.610706090927124,0.3100147843360901,0.30069130659103394
1,795,0.828973114490509,0.4377649426460266,0.3912081718444824
1,796,0.6095166206359863,0.3414685130119324,0.26804807782173157
1,797,0.5456224679946899,0.30093684792518616,0.24468563497066498
1,798,0.7458354234695435,0.4561099708080292,0.2897254228591919
1,799,0.5768333673477173,0.3843875527381897,0.1924457848072052
1,800,0.5531736612319946,0.2611784040927887,0.29199522733688354
1,801,0.7914500832557678,0.4429471492767334,0.3485029339790344
1,802,0.46335750818252563,0.207203671336174,0.25615382194519043
1,803,0.744853138923645,0.37704145908355713,0.3678116798400879
1,804,0.7919796705245972,0.38662388920783997,0.4053558111190796
1,805,1.0050201416015625,0.5932142734527588,0.4118058681488037
1,806,0.8224688768386841,0.4268909990787506,0.3955778479576111
1,807,0.7344732284545898,0.4137546718120575,0.32071855664253235
1,808,0.5908185243606567,0.32196930050849915,0.2688491940498352
1,809,0.4835900366306305,0.23027506470680237,0.2533149719238281
1,810,0.6768772006034851,0.4032728374004364,0.2736043632030487
1,811,3.797818660736084,0.8258812427520752,2.971937417984009
1,812,0.49431174993515015,0.23693068325519562,0.2573810815811157
1,813,0.8570576906204224,0.49755585193634033,0.35950183868408203
1,814,0.894882321357727,0.5510269403457642,0.3438553512096405
1,815,0.43128180503845215,0.20505820214748383,0.22622361779212952
1,816,0.5427790880203247,0.2601376473903656,0.2826414704322815
1,817,0.6394937634468079,0.3912717401981354,0.24822202324867249
1,818,0.7749567627906799,0.4153149425983429,0.35964182019233704
1,819,0.805190920829773,0.40190452337265015,0.4032863676548004
1,820,0.4954695701599121,0.2316349744796753,0.2638345956802368
1,821,0.4554814398288727,0.2372092306613922,0.21827220916748047
1,822,0.7322075963020325,0.37157052755355835,0.3606370687484741
1,823,0.490361750125885,0.2088034600019455,0.2815582752227783
1,824,0.610188364982605,0.1977364420890808,0.41245192289352417
1,825,0.6254277229309082,0.37283533811569214,0.25259238481521606
1,826,0.5103873014450073,0.25898224115371704,0.25140509009361267
1,827,0.6716417074203491,0.2509180009365082,0.42072370648384094
1,828,0.7995760440826416,0.4961819350719452,0.303394079208374
1,829,0.4484688341617584,0.2251264750957489,0.22334235906600952
1,830,0.8581689596176147,0.44820401072502136,0.409964919090271
1,831,1.1322498321533203,0.6726128458976746,0.4596370458602905
1,832,0.7424198389053345,0.39625656604766846,0.346163272857666
1,833,0.7844789028167725,0.4611985981464386,0.32328030467033386
1,834,1.0368242263793945,0.6835755109786987,0.3532487750053406
1,835,1.0554333925247192,0.5815373659133911,0.4738960266113281
1,836,1.0096089839935303,0.6836444139480591,0.3259645700454712
1,837,0.8088796734809875,0.3727327585220337,0.43614691495895386
1,838,0.6035960912704468,0.36334556341171265,0.24025055766105652
1,839,0.7156664133071899,0.3914303183555603,0.324236124753952
1,840,0.9035002589225769,0.591598391532898,0.31190186738967896
1,841,0.5833791494369507,0.3386428952217102,0.24473625421524048
1,842,0.856298565864563,0.4776972234249115,0.3786013722419739
1,843,0.47568008303642273,0.25994330644607544,0.2157367765903473
1,844,0.9137023687362671,0.5618515610694885,0.35185080766677856
1,845,0.76091068983078,0.42601972818374634,0.3348909616470337
1,846,0.9113568663597107,0.5526514053344727,0.35870546102523804
1,847,0.7491409778594971,0.3589605987071991,0.3901803493499756
1,848,0.6920711994171143,0.3442094027996063,0.3478618264198303
1,849,0.5013449192047119,0.22499075531959534,0.27635419368743896
1,850,0.7726796865463257,0.3607863783836365,0.4118932783603668
1,851,0.7078042030334473,0.3586622476577759,0.3491419553756714
1,852,0.8212659358978271,0.4528978765010834,0.36836808919906616
1,853,0.7100348472595215,0.3792096674442291,0.33082520961761475
1,854,0.5774530172348022,0.2733888328075409,0.30406418442726135
1,855,1.1322760581970215,0.6413464546203613,0.49092966318130493
1,856,0.8986505270004272,0.5792575478553772,0.31939297914505005
1,857,0.8545410633087158,0.41357019543647766,0.44097089767456055
1,858,0.9473189115524292,0.5894202589988708,0.35789865255355835
1,859,0.8982972502708435,0.4943011403083801,0.4039961099624634
1,860,1.0109809637069702,0.5304394960403442,0.4805414378643036
1,861,0.794542133808136,0.42359596490859985,0.37094616889953613
1,862,0.7344725131988525,0.504084050655365,0.23038846254348755
1,863,0.5853761434555054,0.2855947017669678,0.2997814118862152
1,864,1.0790908336639404,0.5876818299293518,0.4914090037345886
1,865,0.9845551252365112,0.552097737789154,0.4324573576450348
1,866,0.5606396794319153,0.2627565264701843,0.29788315296173096
1,867,0.9860081672668457,0.5513515472412109,0.43465662002563477
1,868,0.59577476978302,0.23970940709114075,0.3560653328895569
1,869,0.7628161907196045,0.395929217338562,0.3668869733810425
1,870,0.6186449527740479,0.3120087683200836,0.3066362142562866
1,871,0.8295924663543701,0.47155481576919556,0.35803765058517456
1,872,0.8688058853149414,0.5490962266921997,0.3197096884250641
1,873,0.8450274467468262,0.42737311124801636,0.4176543653011322
1,874,0.46596598625183105,0.24378368258476257,0.22218231856822968
1,875,0.5793324708938599,0.24316027760505676,0.3361722230911255
1,876,0.6082601547241211,0.32515496015548706,0.2831052243709564
1,877,0.7334321737289429,0.45198819041252136,0.2814440131187439
1,878,0.7047302722930908,0.38666051626205444,0.31806978583335876
1,879,0.7481199502944946,0.38177022337913513,0.3663497269153595
1,880,0.8941679000854492,0.5043153762817383,0.3898525536060333
1,881,1.0104501247406006,0.6615555286407471,0.3488945960998535
1,882,0.5997288227081299,0.2740790545940399,0.32564979791641235
1,883,1.5027170181274414,1.2080893516540527,0.29462772607803345
1,884,0.7289979457855225,0.4077205955982208,0.32127735018730164
1,885,0.8638328313827515,0.4296233654022217,0.4342094659805298
1,886,0.8900983333587646,0.5417909622192383,0.34830737113952637
1,887,0.8823440670967102,0.5520081520080566,0.33033591508865356
1,888,0.5771521925926208,0.31894856691360474,0.2582036256790161
1,889,0.8369418382644653,0.5001611709594727,0.3367806673049927
1,890,1.0972223281860352,0.5347812175750732,0.5624410510063171
1,891,0.6305497884750366,0.38395917415618896,0.24659061431884766
1,892,0.691024899482727,0.38146859407424927,0.3095563054084778
1,893,0.9195827841758728,0.5563821792602539,0.3632006049156189
1,894,0.9861931800842285,0.6113169193267822,0.3748762607574463
1,895,0.802593469619751,0.4948394000530243,0.3077540397644043
1,896,0.8896979093551636,0.4036768972873688,0.4860210120677948
1,897,0.680662989616394,0.38086235523223877,0.2998006343841553
1,898,0.7335030436515808,0.44216060638427734,0.29134243726730347
1,899,0.6552361249923706,0.3123503625392914,0.3428857922554016
1,900,0.7648587226867676,0.40899500250816345,0.3558637201786041
1,901,0.5570456981658936,0.27525758743286133,0.2817881405353546
1,902,0.7002325654029846,0.3666272461414337,0.3336053192615509
1,903,0.706207275390625,0.4184895157814026,0.2877177298069
1,904,0.5713150501251221,0.2548535168170929,0.3164615035057068
1,905,0.6689397096633911,0.38990989327430725,0.2790297865867615
1,906,0.6966876983642578,0.3796663284301758,0.3170213997364044
1,907,0.5700691938400269,0.31976133584976196,0.2503078281879425
1,908,0.6189975738525391,0.3027198910713196,0.3162776827812195
1,909,1.07830810546875,0.5526658892631531,0.5256421566009521
1,910,0.6871798038482666,0.3848350942134857,0.30234473943710327
1,911,0.5921990871429443,0.31385135650634766,0.2783477008342743
1,912,0.4729567766189575,0.24833393096923828,0.22462283074855804
1,913,0.6056991815567017,0.3132038712501526,0.2924953103065491
1,914,0.8365628123283386,0.47119462490081787,0.36536818742752075
1,915,0.7905460596084595,0.49410480260849,0.29644128680229187
1,916,0.5944948196411133,0.3531895875930786,0.24130524694919586
1,917,0.5931281447410583,0.3514229655265808,0.24170519411563873
1,918,0.8032094240188599,0.5297906994819641,0.27341869473457336
1,919,0.7456578016281128,0.3762998580932617,0.3693579137325287
1,920,0.8699201941490173,0.5498169660568237,0.3201032280921936
1,921,0.4673610329627991,0.2665904760360718,0.2007705420255661
1,922,0.9337307810783386,0.4752464294433594,0.45848435163497925
1,923,0.9157869815826416,0.5913522243499756,0.3244347870349884
1,924,0.7147486209869385,0.2903912365436554,0.42435741424560547
1,925,0.6254792213439941,0.26623836159706116,0.3592408299446106
1,926,0.6021617650985718,0.28190383315086365,0.32025790214538574
1,927,0.816387951374054,0.4817063808441162,0.33468157052993774
1,928,0.6247148513793945,0.3242725133895874,0.30044230818748474
1,929,0.6784327030181885,0.3688430190086365,0.309589684009552
1,930,0.7732160091400146,0.36662131547927856,0.40659472346305847
1,931,0.580549418926239,0.3099237382411957,0.27062568068504333
1,932,0.5847672820091248,0.31383663415908813,0.2709306478500366
1,933,0.6106817722320557,0.2953150272369385,0.3153667151927948
1,934,0.8790370225906372,0.5522224307060242,0.32681456208229065
1,935,0.7293952703475952,0.44280707836151123,0.286588191986084
1,936,0.6708666086196899,0.32579195499420166,0.3450746536254883
1,937,0.7584043145179749,0.4254138469696045,0.33299046754837036
1,938,0.662803053855896,0.3225102424621582,0.3402928113937378
1,939,0.9268437623977661,0.5391333103179932,0.38771045207977295
1,940,0.6701730489730835,0.3572274148464203,0.3129456043243408
1,941,0.8491726517677307,0.4869037866592407,0.36226886510849
1,942,0.45635518431663513,0.21237939596176147,0.24397578835487366
1,943,0.6798326969146729,0.47482267022132874,0.2050100415945053
1,944,0.7105409502983093,0.4285634756088257,0.28197747468948364
1,945,0.6188809871673584,0.32283684611320496,0.29604417085647583
1,946,0.5003750324249268,0.2287655770778656,0.27160942554473877
1,947,0.6351974010467529,0.2994782626628876,0.33571910858154297
1,948,0.8020980358123779,0.47526872158050537,0.32682931423187256
1,949,0.7090408205986023,0.3497239053249359,0.3593169152736664
1,950,0.6295344233512878,0.37941598892211914,0.2501184344291687
1,951,1.376007080078125,0.9415874481201172,0.43441957235336304
1,952,0.8882602453231812,0.38714081048965454,0.5011194348335266
1,953,0.7442852258682251,0.3456629514694214,0.3986222743988037
1,954,0.48857536911964417,0.2541499733924866,0.2344253957271576
1,955,0.7363696098327637,0.30727913975715637,0.4290904700756073
1,956,0.772369384765625,0.4884616732597351,0.2839077413082123
1,957,1.0300052165985107,0.5842121839523315,0.4457930624485016
1,958,0.8194472193717957,0.47157347202301025,0.3478737473487854
1,959,0.9645984768867493,0.6010966897010803,0.36350178718566895
1,960,0.6374588012695312,0.302956759929657,0.33450204133987427
1,961,0.7654143571853638,0.4617326855659485,0.3036816716194153
1,962,0.6899810433387756,0.35930773615837097,0.33067330718040466
1,963,0.7893881797790527,0.45434534549713135,0.335042804479599
1,964,0.6718557476997375,0.34525826573371887,0.3265974819660187
1,965,0.6507695913314819,0.32160684466362,0.32916271686553955
1,966,0.647797703742981,0.32785171270370483,0.3199460208415985
1,967,0.7587153315544128,0.42815911769866943,0.3305562138557434
1,968,0.6393249034881592,0.3490731120109558,0.290251761674881
1,969,0.5764466524124146,0.30542322993278503,0.27102339267730713
1,970,0.7092655301094055,0.3991919755935669,0.3100735545158386
1,971,0.4768323302268982,0.23247116804122925,0.24436117708683014
1,972,0.6292480230331421,0.3213019371032715,0.3079460859298706
1,973,0.5262477993965149,0.20496389269828796,0.32128390669822693
1,974,0.5110431909561157,0.28365176916122437,0.22739145159721375
1,975,0.6398789882659912,0.4015893042087555,0.23828965425491333
1,976,0.9502462148666382,0.5241738557815552,0.426072359085083
1,977,0.6055285930633545,0.29829418659210205,0.30723443627357483
1,978,0.6746824979782104,0.36259087920188904,0.3120916485786438
1,979,1.1599630117416382,0.7818999886512756,0.37806302309036255
1,980,0.9197914004325867,0.5063027739524841,0.41348862648010254
1,981,0.9861915707588196,0.6193031072616577,0.36688846349716187
1,982,0.7219946980476379,0.39897972345352173,0.3230149745941162
1,983,0.7010553479194641,0.4037514925003052,0.29730385541915894
1,984,0.9468576312065125,0.5470607280731201,0.39979690313339233
1,985,0.7073624134063721,0.431000292301178,0.2763621211051941
1,986,0.7404281497001648,0.4232868552207947,0.3171412944793701
1,987,0.7740419507026672,0.45291459560394287,0.32112735509872437
1,988,0.726038932800293,0.3480442464351654,0.3779946565628052
1,989,0.5651940703392029,0.33949097990989685,0.22570309042930603
1,990,0.7315953373908997,0.4309077858924866,0.3006875514984131
1,991,0.5401452779769897,0.24765858054161072,0.29248666763305664
1,992,0.7007117867469788,0.33087998628616333,0.36983180046081543
1,993,0.7674585580825806,0.4186108112335205,0.34884771704673767
1,994,0.5233763456344604,0.24805542826652527,0.2753208875656128
1,995,0.6575927734375,0.40866178274154663,0.24893102049827576
1,996,0.5690340995788574,0.28936976194381714,0.2796643078327179
1,997,0.41860252618789673,0.1756362020969391,0.24296633899211884
1,998,0.9666690230369568,0.5553091764450073,0.41135984659194946
1,999,0.5612351298332214,0.2740415632724762,0.28719356656074524
1,1000,0.6319592595100403,0.3928808867931366,0.2390783727169037
1,1001,0.7105324268341064,0.41984039545059204,0.2906920611858368
1,1002,0.8972886800765991,0.586824893951416,0.3104637563228607
1,1003,0.6751850843429565,0.4330065846443176,0.24217846989631653
1,1004,0.7139273881912231,0.4009968042373657,0.3129305839538574
1,1005,0.8363937139511108,0.41543126106262207,0.42096248269081116
1,1006,0.595091700553894,0.27004048228263855,0.3250512480735779
1,1007,0.6435984373092651,0.29357922077178955,0.3500192165374756
1,1008,0.7993905544281006,0.4841221570968628,0.3152683973312378
1,1009,0.823113203048706,0.48734694719314575,0.3357662856578827
1,1010,0.6079257726669312,0.3362462520599365,0.27167949080467224
1,1011,0.49356725811958313,0.2916693687438965,0.20189788937568665
1,1012,0.5172349214553833,0.2521234154701233,0.2651114761829376
1,1013,0.541885256767273,0.2607480585575104,0.28113722801208496
1,1014,0.6626272201538086,0.38932937383651733,0.27329784631729126
1,1015,0.5777175426483154,0.2849382162094116,0.2927793264389038
1,1016,0.7299771308898926,0.39864376187324524,0.33133333921432495
1,1017,0.4116343557834625,0.19389528036117554,0.217739075422287
1,1018,0.6532350778579712,0.382671058177948,0.2705640196800232
1,1019,0.8309715986251831,0.45885229110717773,0.372119277715683
1,1020,0.6089403629302979,0.3803965449333191,0.22854384779930115
1,1021,0.6722606420516968,0.33305954933166504,0.33920109272003174
1,1022,0.6804226040840149,0.4023188352584839,0.278103768825531
1,1023,0.8283765316009521,0.513835072517395,0.31454145908355713
1,1024,0.6831164360046387,0.42425623536109924,0.25886020064353943
1,1025,0.9329720735549927,0.45314037799835205,0.4798316955566406
1,1026,0.7478539943695068,0.35592418909072876,0.3919298052787781
1,1027,0.7301697134971619,0.31850385665893555,0.4116658568382263
1,1028,0.7580735683441162,0.3535248339176178,0.404548704624176
1,1029,0.5051982402801514,0.22785398364067078,0.2773442566394806
1,1030,0.6422717571258545,0.32779359817504883,0.31447818875312805
1,1031,0.5475510358810425,0.2504815459251404,0.2970694899559021
1,1032,0.6833552122116089,0.3588603734970093,0.3244948089122772
1,1033,0.5135495662689209,0.25577935576438904,0.2577701807022095
1,1034,0.5573866367340088,0.2494666874408722,0.3079199492931366
1,1035,0.6700689792633057,0.37760668992996216,0.2924622595310211
1,1036,0.6442848443984985,0.3316236436367035,0.31266117095947266
1,1037,0.5167601108551025,0.30762729048728943,0.20913279056549072
1,1038,0.8503119349479675,0.5447466969490051,0.3055652379989624
1,1039,0.5765686631202698,0.20660190284252167,0.3699667751789093
1,1040,0.9883052706718445,0.5654745101928711,0.4228307604789734
1,1041,0.7251030206680298,0.4213588833808899,0.3037441372871399
1,1042,0.8989062309265137,0.4291783273220062,0.46972787380218506
1,1043,0.5315008163452148,0.2699492275714874,0.26155155897140503
1,1044,0.6296283006668091,0.25909504294395447,0.3705332577228546
1,1045,0.7926778793334961,0.42530086636543274,0.36737698316574097
1,1046,0.9546539187431335,0.513292670249939,0.4413612484931946
1,1047,0.7178773880004883,0.40697014331817627,0.3109072148799896
1,1048,0.6086012721061707,0.293537437915802,0.31506383419036865
1,1049,0.4972001910209656,0.24827158451080322,0.24892859160900116
1,1050,0.627076268196106,0.33474111557006836,0.2923351526260376
1,1051,0.9453353881835938,0.5008772611618042,0.44445809721946716
1,1052,0.9087229371070862,0.4627036452293396,0.4460192918777466
1,1053,0.9401179552078247,0.5505173802375793,0.38960057497024536
1,1054,0.5258004665374756,0.31548649072647095,0.21031394600868225
1,1055,0.8810047507286072,0.4999971389770508,0.3810076117515564
1,1056,0.8382042646408081,0.49731069803237915,0.34089356660842896
1,1057,0.6713964343070984,0.3027375042438507,0.3686589300632477
1,1058,0.5357380509376526,0.32255470752716064,0.21318334341049194
1,1059,0.5652340650558472,0.2703562080860138,0.29487788677215576
1,1060,0.8688619136810303,0.4637559652328491,0.40510594844818115
1,1061,0.6903111934661865,0.4181021451950073,0.2722090482711792
1,1062,0.6146290898323059,0.3157661557197571,0.29886293411254883
1,1063,0.6443113088607788,0.3265254497528076,0.3177858591079712
1,1064,0.6339536905288696,0.3343772888183594,0.29957637190818787
1,1065,0.7050555348396301,0.4026135206222534,0.3024420142173767
1,1066,0.6706796884536743,0.34725135564804077,0.32342833280563354
1,1067,0.7516669631004333,0.3390580415725708,0.41260892152786255
1,1068,0.4810079038143158,0.18897271156311035,0.29203519225120544
1,1069,0.7153283357620239,0.3501948416233063,0.36513352394104004
1,1070,0.7873592376708984,0.3705870807170868,0.41677212715148926
1,1071,0.6013063192367554,0.39586079120635986,0.20544549822807312
1,1072,0.6602116823196411,0.3983880877494812,0.2618235945701599
1,1073,0.5321604609489441,0.28502076864242554,0.24713970720767975
1,1074,0.7016974091529846,0.33973056077957153,0.3619668483734131
1,1075,0.6075443029403687,0.25902169942855835,0.3485225737094879
1,1076,0.6861527562141418,0.36033201217651367,0.3258207440376282
1,1077,0.8661961555480957,0.6051718592643738,0.2610242962837219
1,1078,0.6049792766571045,0.3846203088760376,0.2203589826822281
1,1079,0.5472546815872192,0.21896304190158844,0.328291654586792
1,1080,0.5407246351242065,0.30274152755737305,0.23798313736915588
1,1081,1.102567195892334,0.5635166168212891,0.5390505790710449
1,1082,0.6685289144515991,0.33404242992401123,0.3344865143299103
1,1083,0.7574781179428101,0.3793533742427826,0.37812474370002747
1,1084,0.6328921318054199,0.33190470933914185,0.3009874224662781
1,1085,1.4327542781829834,0.9226310849189758,0.5101231336593628
1,1086,0.7573184967041016,0.4976023733615875,0.2597161531448364
1,1087,0.5685460567474365,0.2563771903514862,0.31216883659362793
1,1088,1.1030738353729248,0.8019927740097046,0.30108100175857544
1,1089,1.0295242071151733,0.7100145816802979,0.3195096552371979
1,1090,0.9731536507606506,0.6115108728408813,0.3616427779197693
1,1091,0.5249511003494263,0.2330990731716156,0.29185205698013306
1,1092,0.6610229015350342,0.32455164194107056,0.33647122979164124
1,1093,1.2031047344207764,0.793891191482544,0.4092135429382324
1,1094,0.8983760476112366,0.470449835062027,0.4279262125492096
1,1095,0.5408417582511902,0.2243926078081131,0.3164491653442383
1,1096,0.8175726532936096,0.44784075021743774,0.3697319030761719
1,1097,0.9500271677970886,0.5750508904457092,0.3749762773513794
1,1098,0.4741952419281006,0.21434888243675232,0.25984635949134827
1,1099,0.5663294196128845,0.33349621295928955,0.23283322155475616
1,1100,0.6976789832115173,0.37265831232070923,0.3250206708908081
1,1101,0.5350471138954163,0.2595876455307007,0.2754594683647156
1,1102,0.613387942314148,0.38571006059646606,0.22767791152000427
1,1103,0.8561888933181763,0.3052321970462799,0.5509567260742188
1,1104,0.8808517456054688,0.6053029298782349,0.2755488455295563
1,1105,0.8816869854927063,0.6148600578308105,0.26682692766189575
1,1106,0.6124956607818604,0.3674141764640808,0.24508148431777954
1,1107,0.5522393584251404,0.30009573698043823,0.25214362144470215
1,1108,0.8632897734642029,0.5659499764442444,0.2973397970199585
1,1109,1.184361219406128,0.7574319839477539,0.42692917585372925
1,1110,0.7412796020507812,0.4638892710208893,0.27739036083221436
1,1111,0.8093425035476685,0.5492165088653564,0.260125994682312
1,1112,0.6615598797798157,0.4479847550392151,0.21357513964176178
1,1113,0.6671464443206787,0.36426419019699097,0.30288225412368774
1,1114,0.47148072719573975,0.1993998885154724,0.27208083868026733
1,1115,0.5334317684173584,0.3339792788028717,0.1994525045156479
1,1116,0.7974323034286499,0.532561719417572,0.2648705840110779
1,1117,0.7215796709060669,0.45089173316955566,0.27068793773651123
1,1118,0.6256322264671326,0.32322174310684204,0.3024104833602905
1,1119,0.7085781097412109,0.34265047311782837,0.36592763662338257
1,1120,0.660740315914154,0.3358612656593323,0.3248790502548218
1,1121,0.6217249631881714,0.27982664108276367,0.3418983221054077
1,1122,0.7190471887588501,0.3980027437210083,0.3210444152355194
1,1123,0.7177405953407288,0.3513697385787964,0.3663708567619324
1,1124,0.777647852897644,0.4234321415424347,0.35421568155288696
1,1125,0.4408342242240906,0.18570484220981598,0.2551293671131134
1,1126,0.5930222272872925,0.22151951491832733,0.37150269746780396
1,1127,0.6298418045043945,0.38424837589263916,0.24559339880943298
1,1128,0.5187618732452393,0.25058045983314514,0.26818138360977173
1,1129,0.5395575761795044,0.21372371912002563,0.32583385705947876
1,1130,0.6081885099411011,0.30313295125961304,0.30505555868148804
1,1131,0.6177289485931396,0.3163697421550751,0.30135923624038696
1,1132,0.8806444406509399,0.47026127576828003,0.4103831946849823
1,1133,0.5369706153869629,0.1877032071352005,0.3492674231529236
1,1134,0.6290827989578247,0.3064976930618286,0.3225850760936737
1,1135,0.7254366278648376,0.4117172956466675,0.31371933221817017
1,1136,0.7752286195755005,0.3681643009185791,0.4070643484592438
1,1137,0.8091700077056885,0.44878923892974854,0.36038076877593994
1,1138,0.6282998323440552,0.3171764016151428,0.31112346053123474
1,1139,0.5125851631164551,0.22450044751167297,0.2880846858024597
1,1140,0.698948860168457,0.28474628925323486,0.41420260071754456
1,1141,0.6647619009017944,0.3903689682483673,0.27439290285110474
1,1142,0.982771635055542,0.48453301191329956,0.4982386529445648
1,1143,0.7043378353118896,0.42063814401626587,0.2836996912956238
1,1144,0.5974979996681213,0.3508397042751312,0.24665828049182892
1,1145,0.5320211052894592,0.2455769181251526,0.28644418716430664
1,1146,0.6976051330566406,0.34707826375961304,0.3505268394947052
1,1147,0.8334828019142151,0.5188595652580261,0.31462323665618896
1,1148,0.4704066514968872,0.2540973722934723,0.21630927920341492
1,1149,0.5702001452445984,0.3453559875488281,0.22484417259693146
1,1150,0.439095675945282,0.18583741784095764,0.25325825810432434
1,1151,0.9863079786300659,0.46238139271736145,0.5239266157150269
1,1152,0.6323111057281494,0.30051547288894653,0.3317956328392029
1,1153,0.583415150642395,0.2566435933113098,0.3267715275287628
1,1154,0.47818830609321594,0.22421109676361084,0.2539772093296051
1,1155,0.8320544958114624,0.5088011026382446,0.3232533931732178
1,1156,0.6417257785797119,0.35990142822265625,0.28182435035705566
1,1157,0.7317990660667419,0.3823067843914032,0.34949228167533875
1,1158,0.7994663715362549,0.37160950899124146,0.4278568923473358
1,1159,0.6366162300109863,0.3486276865005493,0.2879885137081146
1,1160,1.433058500289917,0.6418312788009644,0.7912271618843079
1,1161,0.738103985786438,0.3255448043346405,0.4125592112541199
1,1162,0.7692935466766357,0.3504352867603302,0.41885823011398315
1,1163,0.5844569802284241,0.2854018211364746,0.29905515909194946
1,1164,0.7114125490188599,0.2762484550476074,0.43516409397125244
1,1165,0.8465721607208252,0.4085625410079956,0.4380095899105072
1,1166,0.9080424904823303,0.4244700074195862,0.48357248306274414
1,1167,0.4619377851486206,0.27265340089797974,0.18928436934947968
1,1168,0.5385304093360901,0.21714968979358673,0.32138070464134216
1,1169,0.5939195156097412,0.3007703125476837,0.2931492328643799
1,1170,0.7078107595443726,0.34064942598342896,0.3671613335609436
1,1171,0.97096186876297,0.6646109819412231,0.3063508868217468
1,1172,0.6069682240486145,0.3129934072494507,0.2939748167991638
1,1173,0.4756498336791992,0.21842221915721893,0.2572275996208191
1,1174,0.6115479469299316,0.3225754499435425,0.28897252678871155
1,1175,0.6432376503944397,0.24959492683410645,0.39364272356033325
1,1176,0.5925261974334717,0.22032953798770905,0.37219667434692383
1,1177,0.7625117301940918,0.4668436646461487,0.2956680357456207
1,1178,0.6851807832717896,0.40020063519477844,0.2849801778793335
1,1179,0.8207327127456665,0.41818732023239136,0.40254539251327515
1,1180,0.621820330619812,0.29109054803848267,0.33072978258132935
1,1181,0.7150768041610718,0.32612088322639465,0.3889559209346771
1,1182,0.6458373069763184,0.29792168736457825,0.3479156494140625
1,1183,0.8790062665939331,0.4072132706642151,0.471792995929718
1,1184,0.4501713216304779,0.24194282293319702,0.20822849869728088
1,1185,0.7638819217681885,0.41096144914627075,0.3529204726219177
1,1186,0.7627701163291931,0.42968976497650146,0.33308035135269165
1,1187,0.7369006872177124,0.34089395403862,0.3960067629814148
1,1188,0.7419517040252686,0.4121299982070923,0.32982173562049866
1,1189,0.686063826084137,0.28200551867485046,0.4040583074092865
1,1190,0.37682491540908813,0.14514786005020142,0.23167705535888672
1,1191,0.6498374938964844,0.3635779321193695,0.28625956177711487
1,1192,0.6261920928955078,0.33849865198135376,0.28769344091415405
1,1193,0.8343011736869812,0.5047974586486816,0.32950371503829956
1,1194,0.5712664127349854,0.2565867304801941,0.31467971205711365
1,1195,0.6854461431503296,0.37403404712677,0.31141212582588196
1,1196,0.5734937191009521,0.316019743680954,0.25747397541999817
1,1197,0.5862244367599487,0.2805803120136261,0.30564409494400024
1,1198,0.7217192649841309,0.40336424112319946,0.3183550536632538
1,1199,0.5188428163528442,0.27179694175720215,0.2470458447933197
1,1200,0.8481347560882568,0.4448097050189972,0.40332508087158203
1,1201,0.5004903674125671,0.291094034910202,0.2093963325023651
1,1202,0.631397545337677,0.2999489903450012,0.3314485549926758
1,1203,0.6874814629554749,0.3750814199447632,0.31240004301071167
1,1204,0.7520347237586975,0.34330809116363525,0.40872663259506226
1,1205,0.6876481175422668,0.3568001091480255,0.33084800839424133
1,1206,1.1204915046691895,0.7076696157455444,0.41282182931900024
1,1207,0.499593585729599,0.2562500536441803,0.2433435320854187
1,1208,0.6748311519622803,0.3687131106853485,0.3061180114746094
1,1209,0.5595106482505798,0.3154461979866028,0.24406443536281586
1,1210,0.5705468654632568,0.30380672216415405,0.2667401432991028
1,1211,0.7502003908157349,0.3954989016056061,0.35470151901245117
1,1212,0.9005443453788757,0.4377056360244751,0.46283870935440063
1,1213,0.8900524973869324,0.5299934148788452,0.36005908250808716
1,1214,0.4546148180961609,0.21994954347610474,0.23466527462005615
1,1215,0.75732421875,0.5199267268180847,0.23739752173423767
1,1216,0.5979329347610474,0.2803046703338623,0.31762826442718506
1,1217,0.8369755744934082,0.5305349826812744,0.3064405918121338
1,1218,0.9803341627120972,0.5097047090530396,0.4706294536590576
1,1219,0.613023042678833,0.3523595631122589,0.2606635093688965
1,1220,0.5310456156730652,0.30568215250968933,0.22536347806453705
1,1221,0.6111189126968384,0.3649517893791199,0.2461671233177185
1,1222,0.6784011125564575,0.3293578326702118,0.3490433096885681
1,1223,0.5838102102279663,0.26736560463905334,0.3164445757865906
1,1224,0.6742265224456787,0.3453980088233948,0.32882851362228394
1,1225,1.1039762496948242,0.5166400074958801,0.5873362421989441
1,1226,0.5928901433944702,0.30541548132896423,0.2874746322631836
1,1227,0.4177316129207611,0.19188253581523895,0.22584907710552216
1,1228,0.8452708721160889,0.4625489413738251,0.3827219009399414
1,1229,0.5250213146209717,0.198194682598114,0.3268266022205353
1,1230,0.7596511840820312,0.36665016412734985,0.393000990152359
1,1231,0.8023290634155273,0.4098104238510132,0.39251863956451416
1,1232,0.5925552845001221,0.30759507417678833,0.28496021032333374
1,1233,0.4438614547252655,0.19449326395988464,0.24936819076538086
1,1234,0.6366647481918335,0.3286893665790558,0.3079753518104553
1,1235,0.5922380685806274,0.2750232219696045,0.31721487641334534
1,1236,0.7405561208724976,0.3156411647796631,0.4249149560928345
1,1237,0.5550585389137268,0.24182815849781036,0.31323036551475525
1,1238,0.4881595969200134,0.24196293950080872,0.2461966723203659
1,1239,0.5291848182678223,0.17527082562446594,0.3539140224456787
1,1240,0.7022825479507446,0.40773430466651917,0.29454827308654785
1,1241,0.7159155607223511,0.34442925453186035,0.3714863359928131
1,1242,0.5831888914108276,0.2981650233268738,0.28502383828163147
1,1243,1.014660120010376,0.5949311256408691,0.41972899436950684
1,1244,0.7732189893722534,0.407682865858078,0.3655361533164978
1,1245,0.5245563983917236,0.23929759860038757,0.28525882959365845
1,1246,0.7228615283966064,0.4012548327445984,0.32160669565200806
1,1247,0.48977988958358765,0.15100854635238647,0.33877134323120117
1,1248,1.1105904579162598,0.6762619018554688,0.43432849645614624
1,1249,0.48033738136291504,0.2169044017791748,0.26343297958374023
1,1250,0.7951959371566772,0.4373584985733032,0.357837438583374
1,1251,0.5751846432685852,0.255254328250885,0.3199303150177002
1,1252,0.46599721908569336,0.13634724915027618,0.329649955034256
1,1253,0.4861769676208496,0.23093466460704803,0.2552422881126404
1,1254,0.7032507658004761,0.3162831664085388,0.38696762919425964
1,1255,0.8241643905639648,0.4377325773239136,0.38643181324005127
1,1256,0.5530978441238403,0.3222735524177551,0.23082426190376282
1,1257,0.5452702641487122,0.28737032413482666,0.2578999400138855
1,1258,0.7427676916122437,0.4294179081916809,0.31334978342056274
1,1259,0.6386663317680359,0.38268476724624634,0.25598156452178955
1,1260,0.5586555004119873,0.2629844844341278,0.2956709861755371
1,1261,0.4533284604549408,0.19161084294319153,0.26171761751174927
1,1262,0.7123724818229675,0.32799389958381653,0.384378582239151
1,1263,0.7229467034339905,0.42317306995391846,0.299773633480072
1,1264,0.7453901171684265,0.4129944443702698,0.33239567279815674
1,1265,0.7706945538520813,0.4738505482673645,0.2968440055847168
1,1266,0.7166669368743896,0.3200334906578064,0.39663344621658325
1,1267,0.6357054710388184,0.2712257504463196,0.3644796907901764
1,1268,0.6245707273483276,0.36871975660324097,0.2558509409427643
1,1269,0.5335954427719116,0.251953125,0.28164228796958923
1,1270,0.7995304465293884,0.445628821849823,0.35390162467956543
1,1271,0.5793490409851074,0.33763444423675537,0.24171462655067444
1,1272,0.7631330490112305,0.400989294052124,0.36214375495910645
1,1273,0.836976170539856,0.42952585220336914,0.40745028853416443
1,1274,0.7755097150802612,0.4536990821361542,0.32181060314178467
1,1275,0.7593766450881958,0.40946489572525024,0.34991177916526794
1,1276,0.6396552324295044,0.3520662188529968,0.28758901357650757
1,1277,0.583756685256958,0.3463340997695923,0.23742255568504333
1,1278,0.6131293773651123,0.278063029050827,0.3350663185119629
1,1279,0.8949041962623596,0.4057635962963104,0.4891405999660492
1,1280,0.6699811220169067,0.3623054027557373,0.30767571926116943
1,1281,0.7388523817062378,0.3814573884010315,0.3573949635028839
1,1282,0.6302664279937744,0.3546960949897766,0.2755703330039978
1,1283,0.5989203453063965,0.3011936545372009,0.29772672057151794
1,1284,0.7019360065460205,0.41159504652023315,0.29034098982810974
1,1285,0.5226889848709106,0.19460225105285645,0.3280867338180542
1,1286,0.6666260957717896,0.2877318263053894,0.37889423966407776
1,1287,0.6200488209724426,0.3753744065761566,0.2446744292974472
1,1288,0.6043606400489807,0.36154863238334656,0.24281200766563416
1,1289,0.5625864267349243,0.26763924956321716,0.29494720697402954
1,1290,0.8129457235336304,0.47433918714523315,0.3386065363883972
1,1291,0.9217169284820557,0.47417783737182617,0.4475390911102295
1,1292,0.7240939736366272,0.3485685884952545,0.3755253851413727
1,1293,0.6280274987220764,0.32735475897789,0.3006727397441864
1,1294,0.36927270889282227,0.18318453431129456,0.1860881894826889
1,1295,0.5566004514694214,0.2937506139278412,0.2628498077392578
1,1296,0.6099417209625244,0.3073429763317108,0.3025987446308136
1,1297,0.5062532424926758,0.24439014494419098,0.261863112449646
1,1298,0.44492316246032715,0.2296701967716217,0.21525296568870544
1,1299,0.690316915512085,0.31596800684928894,0.37434887886047363
1,1300,0.8255745768547058,0.40244728326797485,0.42312729358673096
1,1301,0.6319186091423035,0.32828211784362793,0.30363649129867554
1,1302,0.5849387645721436,0.3386227786540985,0.24631601572036743
1,1303,0.34466058015823364,0.14574404060840607,0.19891655445098877
1,1304,0.6389526128768921,0.2655552923679352,0.3733973503112793
1,1305,0.8525285720825195,0.45680898427963257,0.3957195580005646
1,1306,0.7429385185241699,0.3648778200149536,0.3780607283115387
1,1307,0.6980239152908325,0.44111618399620056,0.25690773129463196
1,1308,0.5209974050521851,0.27648329734802246,0.24451413750648499
1,1309,0.8250332474708557,0.3660176694393158,0.4590155780315399
1,1310,0.6887920498847961,0.32421034574508667,0.3645817041397095
1,1311,0.7001554369926453,0.3495734930038452,0.35058194398880005
1,1312,0.697655439376831,0.38383761048316956,0.3138177990913391
1,1313,0.7194141149520874,0.3364264965057373,0.3829876184463501
1,1314,0.5769293308258057,0.3990882635116577,0.17784109711647034
1,1315,0.5752578377723694,0.30374735593795776,0.2715104818344116
1,1316,0.6364613175392151,0.21674901247024536,0.4197123050689697
1,1317,0.49191364645957947,0.2035491168498993,0.2883645296096802
1,1318,0.5695400238037109,0.22071945667266846,0.34882059693336487
1,1319,0.804624080657959,0.38567715883255005,0.41894692182540894
1,1320,0.7620978355407715,0.43541857600212097,0.3266792893409729
1,1321,0.6338174343109131,0.2899324297904968,0.34388500452041626
1,1322,0.7369710206985474,0.3711225390434265,0.36584848165512085
1,1323,0.6320199370384216,0.30251920223236084,0.3295007348060608
1,1324,0.39941006898880005,0.18381774425506592,0.21559230983257294
1,1325,0.6865394115447998,0.38481730222702026,0.30172210931777954
1,1326,0.7742630243301392,0.4349236488342285,0.33933937549591064
1,1327,0.8469367623329163,0.4177471399307251,0.42918962240219116
1,1328,0.5547406673431396,0.2116033434867859,0.34313732385635376
1,1329,0.8178786635398865,0.33135125041007996,0.4865274131298065
1,1330,0.6570946574211121,0.3249865174293518,0.33210813999176025
1,1331,0.8929395079612732,0.5153233408927917,0.37761616706848145
1,1332,1.0144213438034058,0.5327755212783813,0.4816458523273468
1,1333,0.5831000804901123,0.2956695258617401,0.2874305844306946
1,1334,0.6398216485977173,0.35740262269973755,0.28241902589797974
1,1335,0.34248632192611694,0.1749604344367981,0.16752588748931885
1,1336,0.5685762763023376,0.2512258291244507,0.31735044717788696
1,1337,0.7700935006141663,0.442046195268631,0.3280473053455353
1,1338,0.9350983500480652,0.50221848487854,0.43287986516952515
1,1339,0.6877456903457642,0.41579970717430115,0.2719460129737854
1,1340,0.7294868230819702,0.4494500160217285,0.2800368368625641
1,1341,0.6082288026809692,0.3247421979904175,0.28348660469055176
1,1342,0.9363589286804199,0.5634968280792236,0.3728621304035187
1,1343,0.5957052111625671,0.24398328363895416,0.3517219126224518
1,1344,0.6266242265701294,0.33529043197631836,0.2913338243961334
1,1345,0.4372596740722656,0.26153019070625305,0.17572948336601257
1,1346,0.666467010974884,0.3253130316734314,0.34115397930145264
1,1347,0.6901636123657227,0.3168824315071106,0.3732811510562897
1,1348,0.6143859624862671,0.26898881793022156,0.34539711475372314
1,1349,0.6674572229385376,0.30093273520469666,0.36652451753616333
1,1350,0.35603052377700806,0.1668861359357834,0.18914440274238586
1,1351,0.6189459562301636,0.28082239627838135,0.3381235599517822
1,1352,0.7322238087654114,0.33745744824409485,0.39476636052131653
1,1353,0.6557210683822632,0.3834504187107086,0.2722706198692322
1,1354,0.5424902439117432,0.3014329671859741,0.24105730652809143
1,1355,0.6007707118988037,0.32387155294418335,0.27689915895462036
1,1356,0.773453950881958,0.40165579319000244,0.37179815769195557
1,1357,0.5032684803009033,0.2510049343109131,0.25226351618766785
1,1358,0.4025381803512573,0.19385230541229248,0.20868586003780365
1,1359,0.7153220176696777,0.2998020052909851,0.4155200123786926
1,1360,0.7751237154006958,0.46006378531455994,0.31505995988845825
1,1361,0.7789962291717529,0.4003445506095886,0.3786516785621643
1,1362,0.6016116142272949,0.3590078353881836,0.24260380864143372
1,1363,0.4871765971183777,0.18396462500095367,0.3032119870185852
1,1364,0.6700720191001892,0.3054426312446594,0.3646293878555298
1,1365,0.8656219244003296,0.48247888684272766,0.38314300775527954
1,1366,0.7343211770057678,0.3356170058250427,0.3987041711807251
1,1367,0.527072012424469,0.23685656487941742,0.29021546244621277
1,1368,0.8210258483886719,0.5392178297042847,0.2818080186843872
1,1369,0.6400377750396729,0.2781938314437866,0.36184391379356384
1,1370,0.49678122997283936,0.2558712363243103,0.24090999364852905
1,1371,0.7167190909385681,0.42664527893066406,0.29007381200790405
1,1372,0.36134833097457886,0.1335616260766983,0.22778671979904175
1,1373,0.6438574194908142,0.3719636797904968,0.2718937397003174
1,1374,1.1103311777114868,0.623602032661438,0.48672911524772644
1,1375,0.7993398904800415,0.4462476968765259,0.3530921936035156
1,1376,0.7038494348526001,0.3189550042152405,0.38489440083503723
1,1377,0.9393750429153442,0.6784617900848389,0.26091328263282776
1,1378,0.4966871738433838,0.2519766390323639,0.2447105348110199
1,1379,0.7498289942741394,0.3282060921192169,0.4216229021549225
1,1380,0.8736090660095215,0.5604699850082397,0.31313905119895935
1,1381,0.8008919954299927,0.5207798480987549,0.2801121473312378
1,1382,0.7909382581710815,0.5229557156562805,0.267982542514801
1,1383,0.6422994136810303,0.4113142490386963,0.23098519444465637
1,1384,0.6029410362243652,0.38857853412628174,0.2143624722957611
1,1385,0.8789731860160828,0.5436235070228577,0.3353496789932251
1,1386,0.6840187311172485,0.3289295434951782,0.3550891876220703
1,1387,0.7010805606842041,0.3223413825035095,0.3787391781806946
1,1388,0.6845815181732178,0.3501446545124054,0.33443689346313477
1,1389,0.6145451664924622,0.30676770210266113,0.307777464389801
1,1390,0.4345282018184662,0.2296522557735443,0.20487594604492188
1,1391,0.9004086256027222,0.37753450870513916,0.522874116897583
1,1392,0.6415929794311523,0.29280388355255127,0.3487890958786011
1,1393,0.7457252740859985,0.4135299324989319,0.33219531178474426
1,1394,0.5750404596328735,0.2869051992893219,0.288135290145874
1,1395,0.5403066277503967,0.27852165699005127,0.26178497076034546
1,1396,0.7088496685028076,0.3237273097038269,0.3851223587989807
1,1397,0.5598993301391602,0.24069944024085999,0.3191998600959778
1,1398,1.0391404628753662,0.5925200581550598,0.4466204047203064
1,1399,0.5609593391418457,0.25880229473114014,0.30215704441070557
1,1400,0.7025797963142395,0.35140156745910645,0.35117822885513306
1,1401,0.5470254421234131,0.22837811708450317,0.3186473250389099
1,1402,0.7285035848617554,0.41374313831329346,0.3147604465484619
1,1403,0.45050495862960815,0.19185477495193481,0.25865018367767334
1,1404,0.5658762454986572,0.2499859631061554,0.31589028239250183
1,1405,0.854956328868866,0.42326819896698,0.431688129901886
1,1406,0.5516870021820068,0.28657710552215576,0.26510992646217346
1,1407,0.30380117893218994,0.10168398916721344,0.2021172046661377
1,1408,0.7409727573394775,0.39475658535957336,0.3462161421775818
1,1409,0.8921954035758972,0.4686167538166046,0.4235786497592926
1,1410,0.5651201009750366,0.2262428253889084,0.33887729048728943
1,1411,0.5464643836021423,0.29761916399002075,0.24884521961212158
1,1412,0.8725091814994812,0.46336621046066284,0.40914297103881836
1,1413,0.6177985668182373,0.3047840893268585,0.3130144476890564
1,1414,0.5418933033943176,0.3432929515838623,0.19860035181045532
1,1415,0.745114803314209,0.4013790190219879,0.3437357544898987
1,1416,0.9198055267333984,0.5001813173294067,0.4196242094039917
1,1417,0.6195244789123535,0.40127331018447876,0.21825119853019714
1,1418,0.9483482837677002,0.5567396879196167,0.3916085958480835
1,1419,0.5564090609550476,0.26582252979278564,0.29058653116226196
1,1420,0.7274963855743408,0.31903231143951416,0.40846410393714905
1,1421,0.852009117603302,0.3117269277572632,0.5402821898460388
1,1422,0.7666485905647278,0.538348376750946,0.22830021381378174
1,1423,0.7518883943557739,0.47083744406700134,0.2810509204864502
1,1424,0.9472728967666626,0.5757942199707031,0.3714786469936371
1,1425,0.8190776109695435,0.37223222851753235,0.4468454122543335
1,1426,0.6265525817871094,0.3150436282157898,0.3115089535713196
1,1427,0.8301793932914734,0.5264450311660767,0.30373436212539673
1,1428,0.7309468388557434,0.38052916526794434,0.3504176735877991
1,1429,0.7395269870758057,0.40120282769203186,0.3383241295814514
1,1430,0.6892845630645752,0.3409005403518677,0.3483840227127075
1,1431,0.6416963338851929,0.293567955493927,0.34812837839126587
1,1432,0.8423862457275391,0.5039841532707214,0.33840212225914
1,1433,0.7683476209640503,0.3823303282260895,0.3860173225402832
1,1434,0.5506063103675842,0.30322858691215515,0.24737772345542908
1,1435,0.7639642357826233,0.3839103579521179,0.38005387783050537
1,1436,0.747328519821167,0.35087624192237854,0.39645224809646606
1,1437,0.5387004613876343,0.27442535758018494,0.26427507400512695
1,1438,0.50255286693573,0.2974095046520233,0.20514336228370667
1,1439,0.5944828987121582,0.3042880594730377,0.2901948094367981
1,1440,0.848490834236145,0.45714110136032104,0.39134976267814636
1,1441,0.565649151802063,0.3689066767692566,0.19674250483512878
1,1442,0.9632290005683899,0.42323553562164307,0.5399934649467468
1,1443,1.079944372177124,0.6641826033592224,0.4157617688179016
1,1444,1.0514519214630127,0.4870801568031311,0.5643718242645264
1,1445,0.4607458710670471,0.24272677302360535,0.21801909804344177
1,1446,0.863644003868103,0.49720627069473267,0.36643773317337036
1,1447,0.7695866227149963,0.45987439155578613,0.3097122311592102
1,1448,0.839516818523407,0.38933759927749634,0.45017921924591064
1,1449,0.6420390605926514,0.2881075441837311,0.3539315462112427
1,1450,0.5847364664077759,0.25686225295066833,0.32787421345710754
1,1451,0.7474580407142639,0.3945174813270569,0.35294055938720703
1,1452,0.9933515191078186,0.583347737789154,0.41000378131866455
1,1453,0.48748475313186646,0.17501544952392578,0.3124693036079407
1,1454,0.8097126483917236,0.4776349663734436,0.33207768201828003
1,1455,0.8581962585449219,0.4658185541629791,0.39237773418426514
1,1456,0.4814051389694214,0.26873618364334106,0.21266895532608032
1,1457,0.43131738901138306,0.14183612167835236,0.2894812822341919
1,1458,0.6981661915779114,0.47128021717071533,0.22688598930835724
1,1459,0.5614737272262573,0.2606295943260193,0.30084413290023804
1,1460,0.6211899518966675,0.2585987150669098,0.3625912666320801
1,1461,0.4542081356048584,0.22168989479541779,0.2325182557106018
1,1462,0.8213953375816345,0.2864075303077698,0.5349878072738647
1,1463,0.5965761542320251,0.3351527750492096,0.26142337918281555
1,1464,0.7648935914039612,0.3791661262512207,0.3857274651527405
1,1465,0.43159860372543335,0.17112679779529572,0.26047179102897644
1,1466,0.5630243420600891,0.2950435280799866,0.26798081398010254
1,1467,0.5536643266677856,0.2955237627029419,0.25814056396484375
1,1468,0.5533232688903809,0.3045008182525635,0.248822420835495
1,1469,0.6103376150131226,0.31874820590019226,0.2915893793106079
1,1470,0.807797908782959,0.44042354822158813,0.36737439036369324
1,1471,0.3952019214630127,0.17442336678504944,0.22077856957912445
1,1472,0.6233746409416199,0.2959938049316406,0.32738083600997925
1,1473,0.6955472230911255,0.4228079915046692,0.2727392613887787
1,1474,0.6276330947875977,0.2934720814228058,0.3341609835624695
1,1475,0.6518059968948364,0.3200901448726654,0.33171582221984863
1,1476,0.7031022310256958,0.3587726652622223,0.3443295955657959
1,1477,0.6706900000572205,0.3004666566848755,0.37022334337234497
1,1478,0.46393898129463196,0.2395603060722351,0.22437867522239685
1,1479,0.5947591662406921,0.21525055170059204,0.3795086145401001
1,1480,0.5712446570396423,0.26297304034233093,0.3082716166973114
1,1481,0.6736754179000854,0.32034167647361755,0.3533337712287903
1,1482,0.5951458811759949,0.3483898639678955,0.24675601720809937
1,1483,0.7172695994377136,0.3599470853805542,0.3573225140571594
1,1484,0.6014689207077026,0.29269933700561523,0.3087695837020874
1,1485,0.8169865608215332,0.3945489525794983,0.4224376082420349
1,1486,0.6296942234039307,0.29573339223861694,0.33396080136299133
1,1487,0.7167096734046936,0.3479476571083069,0.3687620162963867
1,1488,0.42828333377838135,0.16461938619613647,0.2636639475822449
1,1489,0.7087968587875366,0.3857344686985016,0.32306239008903503
1,1490,0.5657364130020142,0.31263062357902527,0.2531057596206665
1,1491,0.5834813117980957,0.18778932094573975,0.39569202065467834
1,1492,0.9640715718269348,0.4316278100013733,0.5324437618255615
1,1493,0.43512022495269775,0.11510889232158661,0.32001131772994995
1,1494,0.8995683193206787,0.2919960021972656,0.6075723171234131
1,1495,0.4719008505344391,0.2126113474369049,0.2592895030975342
1,1496,0.8201111555099487,0.4466596841812134,0.37345147132873535
1,1497,0.629344642162323,0.32613903284072876,0.30320560932159424
1,1498,0.4332088828086853,0.2105638086795807,0.22264507412910461
1,1499,0.3660085201263428,0.13091415166854858,0.2350943684577942
1,1500,0.5572636127471924,0.25591880083084106,0.3013448417186737
1,1501,0.6304851174354553,0.33108699321746826,0.29939812421798706
1,1502,0.8226242065429688,0.4226829707622528,0.39994126558303833
1,1503,0.4644218683242798,0.16621455550193787,0.2982073128223419
1,1504,0.4913129508495331,0.2731015980243683,0.2182113528251648
1,1505,0.5135836601257324,0.20240981876850128,0.31117385625839233
1,1506,0.4956885278224945,0.19575241208076477,0.29993611574172974
1,1507,0.6650221943855286,0.24725885689258575,0.4177633225917816
1,1508,0.3927847743034363,0.10934443771839142,0.28344035148620605
1,1509,0.8753318786621094,0.5008286237716675,0.3745032548904419
1,1510,0.5560874938964844,0.26841747760772705,0.2876700162887573
1,1511,0.6931553483009338,0.3022422790527344,0.39091306924819946
1,1512,0.6554319858551025,0.3203674852848053,0.33506453037261963
1,1513,0.8987757563591003,0.4403141140937805,0.4584616422653198
1,1514,0.5984756946563721,0.26011136174201965,0.33836430311203003
1,1515,2.2571723461151123,1.7040512561798096,0.553121030330658
1,1516,0.6733993291854858,0.408852219581604,0.26454710960388184
1,1517,0.5628142356872559,0.36938005685806274,0.19343416392803192
1,1518,0.7378264665603638,0.4481213390827179,0.28970515727996826
1,1519,1.1519430875778198,0.8527200222015381,0.29922306537628174
1,1520,1.1065170764923096,0.7129713296890259,0.3935456871986389
1,1521,0.5555746555328369,0.3148495554924011,0.24072512984275818
1,1522,1.1392018795013428,0.783484697341919,0.35571718215942383
1,1523,0.9033787250518799,0.5067703723907471,0.3966083824634552
1,1524,1.0875802040100098,0.696792483329773,0.39078766107559204
1,1525,1.3471095561981201,0.9320511817932129,0.415058434009552
1,1526,0.8191120624542236,0.4417957067489624,0.37731632590293884
1,1527,0.7136331796646118,0.3658536672592163,0.3477795124053955
1,1528,0.8605591058731079,0.5536113977432251,0.3069477379322052
1,1529,1.2065457105636597,0.8545562028884888,0.3519895076751709
1,1530,0.8726925849914551,0.59869784116745,0.2739947438240051
1,1531,0.9059220552444458,0.5763850212097168,0.329537034034729
1,1532,1.138883352279663,0.8283407688140869,0.31054258346557617
1,1533,0.93039470911026,0.5128810405731201,0.4175136685371399
1,1534,1.067713737487793,0.6491033434867859,0.4186103343963623
1,1535,0.6855869889259338,0.43864336609840393,0.2469436228275299
1,1536,0.9177192449569702,0.5513448715209961,0.3663743734359741
1,1537,0.9176772832870483,0.5630063414573669,0.3546709418296814
1,1538,0.9593332409858704,0.5640678405761719,0.3952654004096985
1,1539,0.6902770400047302,0.32246047258377075,0.3678165674209595
1,1540,0.938052773475647,0.5792734026908875,0.3587793707847595
1,1541,1.046015739440918,0.5907694101333618,0.4552462697029114
1,1542,0.7477039694786072,0.5726796388626099,0.17502433061599731
1,1543,0.8539564609527588,0.4983017146587372,0.3556547164916992
1,1544,0.8493414521217346,0.5935786366462708,0.25576281547546387
1,1545,0.8203074932098389,0.5011250972747803,0.3191823959350586
1,1546,0.9220337867736816,0.5647655725479126,0.35726821422576904
1,1547,0.8476361632347107,0.4188750982284546,0.4287610650062561
1,1548,0.854242205619812,0.5465962290763855,0.3076459765434265
1,1549,0.7214084267616272,0.42632752656936646,0.29508090019226074
1,1550,0.7645756006240845,0.4543968141078949,0.3101787865161896
1,1551,0.566878080368042,0.3315940499305725,0.23528403043746948
1,1552,0.518384575843811,0.305580735206604,0.21280381083488464
1,1553,1.2525815963745117,0.8173725605010986,0.4352090358734131
1,1554,0.8301214575767517,0.402279257774353,0.4278421998023987
1,1555,0.8370645046234131,0.3811035752296448,0.4559609293937683
1,1556,0.8823080062866211,0.5366698503494263,0.3456381857395172
1,1557,0.668149471282959,0.33553779125213623,0.33261170983314514
1,1558,0.6924477815628052,0.41614365577697754,0.27630409598350525
1,1559,0.7415658235549927,0.47806021571159363,0.26350563764572144
1,1560,0.6890355348587036,0.3076428472995758,0.3813926577568054
1,1561,0.871164083480835,0.5405564308166504,0.33060765266418457
1,1562,0.5019237995147705,0.26646527647972107,0.23545849323272705
1,1563,0.64754319190979,0.3790540397167206,0.26848912239074707
1,1564,0.8621358275413513,0.5854506492614746,0.2766851782798767
1,1565,0.7710764408111572,0.42424634099006653,0.3468301296234131
1,1566,0.7440237402915955,0.38810455799102783,0.3559191823005676
1,1567,0.8676995635032654,0.41775012016296387,0.4499494433403015
1,1568,0.8079249262809753,0.5347735285758972,0.2731513977050781
1,1569,0.9291768670082092,0.5116636753082275,0.4175131916999817
1,1570,0.6164548397064209,0.3580936789512634,0.25836119055747986
1,1571,0.5107693076133728,0.29763808846473694,0.21313123404979706
1,1572,0.4014109969139099,0.18799364566802979,0.21341735124588013
1,1573,0.7853078842163086,0.42547065019607544,0.35983723402023315
1,1574,0.7613685131072998,0.34349873661994934,0.41786977648735046
1,1575,1.183297872543335,0.7848906517028809,0.3984072804450989
1,1576,1.0042717456817627,0.4934305250644684,0.5108412504196167
1,1577,0.8232972621917725,0.5274845361709595,0.2958127558231354
1,1578,0.6318142414093018,0.325262188911438,0.30655205249786377
1,1579,0.6928654909133911,0.36577659845352173,0.3270889222621918
1,1580,0.8022827506065369,0.5033230781555176,0.2989596724510193
1,1581,0.9004501104354858,0.5324413180351257,0.3680088222026825
1,1582,0.7367420196533203,0.38812267780303955,0.3486193120479584
1,1583,0.70827317237854,0.36275556683540344,0.3455175757408142
1,1584,0.8002554774284363,0.46844130754470825,0.331814169883728
1,1585,0.9896245002746582,0.5577977895736694,0.43182671070098877
1,1586,0.5142650604248047,0.33146166801452637,0.18280339241027832
1,1587,0.7331380248069763,0.3774126172065735,0.35572540760040283
1,1588,0.7767900228500366,0.4091106355190277,0.3676794171333313
1,1589,0.6591097116470337,0.3692936301231384,0.2898160517215729
1,1590,0.7499523758888245,0.4674207270145416,0.28253164887428284
1,1591,0.6128180623054504,0.3274487853050232,0.28536927700042725
1,1592,0.46365147829055786,0.19105267524719238,0.2725988030433655
1,1593,0.6983283758163452,0.3711508512496948,0.3271775245666504
1,1594,0.80047607421875,0.4285097122192383,0.37196633219718933
1,1595,0.8140087127685547,0.4291399121284485,0.3848688006401062
1,1596,0.6409063935279846,0.3673177659511566,0.273588627576828
1,1597,0.6523082256317139,0.25451719760894775,0.3977909982204437
1,1598,1.1145057678222656,0.576865553855896,0.5376402139663696
1,1599,0.8895188570022583,0.4760035276412964,0.4135153293609619
1,1600,0.668677806854248,0.3998590111732483,0.26881876587867737
1,1601,0.3775157332420349,0.20792347192764282,0.1695922613143921
1,1602,0.9145153164863586,0.5466355681419373,0.3678797483444214
1,1603,0.7307707071304321,0.3539823889732361,0.37678831815719604
1,1604,0.8669558167457581,0.3847585916519165,0.48219722509384155
1,1605,0.6991358995437622,0.43770885467529297,0.26142701506614685
1,1606,0.9760280847549438,0.5993021726608276,0.3767259120941162
1,1607,0.5597834587097168,0.27710357308387756,0.28267985582351685
1,1608,0.8922114372253418,0.543171763420105,0.3490396738052368
1,1609,0.8406100273132324,0.40172842144966125,0.43888163566589355
1,1610,0.4743788242340088,0.23371005058288574,0.24066877365112305
1,1611,0.5041854381561279,0.28448206186294556,0.21970339119434357
1,1612,0.5183516144752502,0.31445854902267456,0.20389308035373688
1,1613,0.8842135667800903,0.5106984376907349,0.37351512908935547
1,1614,0.5797708034515381,0.27679234743118286,0.30297842621803284
1,1615,0.7846608757972717,0.5339996218681335,0.2506612539291382
1,1616,0.698277473449707,0.37224671244621277,0.32603076100349426
1,1617,0.8456565141677856,0.5032121539115906,0.34244439005851746
1,1618,0.7257630228996277,0.41274935007095337,0.3130136728286743
1,1619,0.5404752492904663,0.2659154236316681,0.27455979585647583
1,1620,0.768706738948822,0.424038290977478,0.344668447971344
1,1621,0.7278971672058105,0.41190844774246216,0.3159887194633484
1,1622,0.7305920720100403,0.4345853924751282,0.2960066795349121
1,1623,0.7520766854286194,0.4598296582698822,0.2922470271587372
1,1624,0.7215063571929932,0.3886618912220001,0.33284443616867065
1,1625,0.9282560348510742,0.42073357105255127,0.507522463798523
1,1626,0.8432646989822388,0.43856024742126465,0.40470442175865173
1,1627,0.6402993202209473,0.35205721855163574,0.2882421016693115
1,1628,0.8017768859863281,0.3946027457714081,0.40717417001724243
1,1629,0.6947258114814758,0.35199129581451416,0.34273451566696167
1,1630,0.888198971748352,0.4500603675842285,0.4381386339664459
1,1631,0.6784807443618774,0.4106709957122803,0.2678097188472748
1,1632,0.7016693353652954,0.366397887468338,0.335271418094635
1,1633,0.642177939414978,0.30404525995254517,0.33813267946243286
1,1634,0.7436705827713013,0.3588263988494873,0.38484418392181396
1,1635,0.614090085029602,0.3399478495121002,0.27414220571517944
1,1636,0.6373376846313477,0.38677650690078735,0.2505611777305603
1,1637,0.46011117100715637,0.20275375247001648,0.2573574185371399
1,1638,0.6481216549873352,0.3492385745048523,0.2988830804824829
1,1639,0.7597334980964661,0.437872052192688,0.3218614459037781
1,1640,1.034909963607788,0.7400257587432861,0.2948841452598572
1,1641,0.6614402532577515,0.34696829319000244,0.31447193026542664
1,1642,0.6957106590270996,0.3422356843948364,0.35347500443458557
1,1643,0.6426070928573608,0.33758169412612915,0.3050253987312317
1,1644,0.6515698432922363,0.30181798338890076,0.34975188970565796
1,1645,0.7844175100326538,0.38530585169792175,0.39911162853240967
1,1646,0.7940004467964172,0.4188275933265686,0.37517285346984863
1,1647,0.8368098139762878,0.43942779302597046,0.3973820209503174
1,1648,0.9335553646087646,0.4108011722564697,0.5227541923522949
1,1649,0.7135343551635742,0.31987401843070984,0.393660306930542
1,1650,0.7034377455711365,0.3800145983695984,0.3234231472015381
1,1651,0.5383308529853821,0.2786960005760193,0.2596348524093628
1,1652,1.735200047492981,1.1923141479492188,0.5428858995437622
1,1653,0.8485347628593445,0.45077699422836304,0.39775776863098145
1,1654,0.5566587448120117,0.2847181260585785,0.2719406187534332
1,1655,0.8762859106063843,0.4800286889076233,0.3962571918964386
1,1656,1.0110249519348145,0.6094739437103271,0.4015510380268097
1,1657,0.716961145401001,0.45733365416526794,0.2596275210380554
1,1658,0.7520612478256226,0.42631950974464417,0.3257417380809784
1,1659,0.7382974624633789,0.4361724853515625,0.3021249771118164
1,1660,0.8842751979827881,0.4345768094062805,0.4496983587741852
1,1661,0.7956044673919678,0.4749823808670044,0.320622056722641
1,1662,0.7918299436569214,0.5298262238502502,0.26200371980667114
1,1663,1.106114387512207,0.6536390781402588,0.452475368976593
1,1664,0.8364830613136292,0.4843027591705322,0.3521803021430969
1,1665,0.7603965401649475,0.44368940591812134,0.31670713424682617
1,1666,0.9028319716453552,0.45142680406570435,0.4514051675796509
1,1667,0.8454107642173767,0.5345772504806519,0.31083351373672485
1,1668,0.8330813646316528,0.34782716631889343,0.485254168510437
1,1669,0.6553136110305786,0.3265872299671173,0.3287263512611389
1,1670,0.36325401067733765,0.18572697043418884,0.1775270402431488
1,1671,0.48600608110427856,0.20054209232330322,0.28546398878097534
1,1672,0.6732262969017029,0.30430400371551514,0.36892229318618774
1,1673,0.8315385580062866,0.42167508602142334,0.4098634719848633
1,1674,0.5673280358314514,0.26061058044433594,0.3067174553871155
1,1675,0.7208458185195923,0.4480462074279785,0.2727995812892914
1,1676,0.9242945313453674,0.5455389022827148,0.3787556290626526
1,1677,0.8181487321853638,0.494454026222229,0.32369470596313477
1,1678,0.4896416664123535,0.22081512212753296,0.26882654428482056
1,1679,0.7551840543746948,0.4864768385887146,0.2687072455883026
1,1680,0.7090829610824585,0.39809927344322205,0.31098371744155884
1,1681,0.7482921481132507,0.4016227126121521,0.34666943550109863
1,1682,0.7444868087768555,0.3858930468559265,0.35859373211860657
1,1683,0.8440428376197815,0.4049178957939148,0.4391249418258667
1,1684,0.8184559345245361,0.39738887548446655,0.4210670292377472
1,1685,0.6291360855102539,0.35559120774269104,0.2735448479652405
1,1686,0.5148516297340393,0.1768527328968048,0.3379988968372345
1,1687,0.5310707092285156,0.3000275790691376,0.23104315996170044
1,1688,0.7470978498458862,0.3638284206390381,0.38326942920684814
1,1689,0.8248053789138794,0.4902324080467224,0.334572970867157
1,1690,0.5680183172225952,0.2240968644618988,0.343921422958374
1,1691,0.6678677797317505,0.30932140350341797,0.3585464060306549
1,1692,0.3733707070350647,0.12259866297245026,0.25077202916145325
1,1693,0.48137301206588745,0.27451828122138977,0.20685473084449768
1,1694,0.6838319301605225,0.3116409480571747,0.37219101190567017
1,1695,0.5794565081596375,0.3443242311477661,0.23513227701187134
1,1696,0.5742623805999756,0.26274916529655457,0.311513215303421
1,1697,0.7951961159706116,0.5050704479217529,0.29012566804885864
1,1698,0.5550892353057861,0.26277580857276917,0.2923133969306946
1,1699,0.6087345480918884,0.2894861102104187,0.3192484378814697
1,1700,0.6023886203765869,0.27803558111190796,0.32435300946235657
1,1701,0.9983839392662048,0.48582184314727783,0.512562096118927
1,1702,0.6453938484191895,0.36614421010017395,0.2792496681213379
1,1703,0.7191148996353149,0.37163010239601135,0.3474847972393036
1,1704,0.7844136357307434,0.32755157351493835,0.45686206221580505
1,1705,0.6942957639694214,0.43175554275512695,0.26254019141197205
1,1706,0.8728302717208862,0.5668772459030151,0.3059530556201935
1,1707,0.9058034420013428,0.47793424129486084,0.4278692305088043
1,1708,0.5318849086761475,0.29383209347724915,0.23805280029773712
1,1709,0.42470061779022217,0.23537488281726837,0.189325749874115
1,1710,0.6015368103981018,0.3862404227256775,0.2152964025735855
1,1711,0.41526880860328674,0.14108401536941528,0.27418479323387146
1,1712,0.7573966383934021,0.3912648558616638,0.3661317825317383
1,1713,0.6843147277832031,0.3485293388366699,0.3357853591442108
1,1714,0.33900079131126404,0.18678060173988342,0.15222018957138062
1,1715,0.772982120513916,0.42711183428764343,0.3458702862262726
1,1716,0.6993522644042969,0.36901065707206726,0.3303415775299072
1,1717,0.4267418086528778,0.16405880451202393,0.2626830041408539
1,1718,0.9100509881973267,0.4595862030982971,0.45046475529670715
1,1719,0.5618914365768433,0.23398593068122864,0.32790547609329224
1,1720,0.8949703574180603,0.42813995480537415,0.46683040261268616
1,1721,0.7010829448699951,0.4561792016029358,0.24490371346473694
1,1722,0.5483707189559937,0.28852033615112305,0.2598503828048706
1,1723,0.8538925051689148,0.46273139119148254,0.39116111397743225
1,1724,0.7527399063110352,0.4130004048347473,0.33973950147628784
1,1725,0.8868304491043091,0.5350527763366699,0.35177767276763916
1,1726,0.8856729865074158,0.4923458695411682,0.39332711696624756
1,1727,0.8540893793106079,0.3733023405075073,0.480787068605423
1,1728,0.6298524737358093,0.328498899936676,0.3013535737991333
1,1729,0.4896540939807892,0.20138972997665405,0.28826436400413513
1,1730,0.5705209970474243,0.28925418853759766,0.2812667787075043
1,1731,0.5638160705566406,0.23469460010528564,0.3291214406490326
1,1732,0.7795767784118652,0.43006694316864014,0.3495098352432251
1,1733,0.6133384704589844,0.2796991169452667,0.33363938331604004
1,1734,0.38561445474624634,0.1670396625995636,0.21857479214668274
1,1735,0.7063145637512207,0.39352768659591675,0.31278690695762634
1,1736,0.5663262605667114,0.315302312374115,0.25102394819259644
1,1737,0.8416030406951904,0.42858773469924927,0.4130152761936188
1,1738,0.3619029223918915,0.11140918731689453,0.25049373507499695
1,1739,0.5535631775856018,0.32859763503074646,0.22496552765369415
1,1740,0.8129590749740601,0.4386868476867676,0.3742722272872925
1,1741,0.5902054905891418,0.3448556065559387,0.24534988403320312
1,1742,0.6691272258758545,0.2821989059448242,0.3869282901287079
1,1743,0.7639482021331787,0.2979223132133484,0.4660258889198303
1,1744,0.8109453916549683,0.4081054925918579,0.40283989906311035
1,1745,0.6201297044754028,0.26901930570602417,0.35111039876937866
1,1746,0.4222959876060486,0.2186693251132965,0.20362666249275208
1,1747,0.5490155220031738,0.2474972903728485,0.3015182316303253
1,1748,0.5702131986618042,0.23906266689300537,0.3311505615711212
1,1749,0.5907825827598572,0.3172842860221863,0.2734982967376709
1,1750,0.5521664023399353,0.2613978385925293,0.290768563747406
1,1751,0.579882025718689,0.3613441586494446,0.218537837266922
1,1752,0.8535923957824707,0.5031381249427795,0.35045427083969116
1,1753,0.580810546875,0.34553974866867065,0.23527082800865173
1,1754,0.47317272424697876,0.20808276534080505,0.2650899589061737
1,1755,0.8075464963912964,0.5386898517608643,0.26885664463043213
1,1756,0.9964343905448914,0.6077451705932617,0.38868921995162964
1,1757,0.96859210729599,0.5034976005554199,0.46509450674057007
1,1758,0.8122892379760742,0.38010847568511963,0.432180792093277
1,1759,0.7533167004585266,0.3612157702445984,0.3921009302139282
1,1760,0.5767942667007446,0.25675252079963684,0.3200417459011078
1,1761,0.9638893604278564,0.613946795463562,0.3499425947666168
1,1762,0.9650242328643799,0.45894765853881836,0.5060765743255615
1,1763,0.45868951082229614,0.19730104506015778,0.2613884508609772
1,1764,0.7286563515663147,0.4538481831550598,0.2748081684112549
1,1765,0.6730818152427673,0.41780731081962585,0.2552745044231415
1,1766,0.8449628949165344,0.49112915992736816,0.35383373498916626
1,1767,0.6387868523597717,0.3583680987358093,0.2804187536239624
1,1768,0.6740142107009888,0.40401196479797363,0.27000224590301514
1,1769,1.1755375862121582,0.6666606068611145,0.5088769197463989
1,1770,0.8007550835609436,0.44937825202941895,0.35137683153152466
1,1771,0.8578665256500244,0.4463115930557251,0.4115549325942993
1,1772,0.5241487622261047,0.315262109041214,0.20888666808605194
1,1773,0.8125491142272949,0.42222654819488525,0.39032256603240967
1,1774,0.884823203086853,0.4211203157901764,0.46370288729667664
1,1775,0.5728439092636108,0.30294010043144226,0.26990383863449097
1,1776,1.0915567874908447,0.6867203712463379,0.40483641624450684
1,1777,0.8864263296127319,0.4580438733100891,0.4283824563026428
1,1778,0.6074532866477966,0.2723725438117981,0.33508074283599854
1,1779,0.711929976940155,0.29765254259109497,0.41427743434906006
1,1780,0.7923576831817627,0.40374311804771423,0.38861459493637085
1,1781,1.4286149740219116,0.7045007944107056,0.724114179611206
1,1782,0.848555862903595,0.46246910095214844,0.38608676195144653
1,1783,1.495518684387207,1.10915207862854,0.3863665759563446
1,1784,1.0506103038787842,0.7337181568145752,0.3168920874595642
1,1785,0.8650579452514648,0.5168440341949463,0.34821391105651855
1,1786,1.1859080791473389,0.8230592012405396,0.36284881830215454
1,1787,0.6783313155174255,0.31857535243034363,0.3597559630870819
1,1788,0.6800649166107178,0.35534608364105225,0.3247188329696655
1,1789,0.79587721824646,0.3652240037918091,0.43065324425697327
1,1790,0.8316731452941895,0.4608191251754761,0.3708540201187134
1,1791,0.985666036605835,0.6654597520828247,0.32020625472068787
1,1792,0.5283138751983643,0.26982250809669495,0.2584913969039917
1,1793,0.7083889245986938,0.3876100182533264,0.32077890634536743
1,1794,0.6309444308280945,0.3259149193763733,0.3050295114517212
1,1795,0.9208623170852661,0.514950692653656,0.4059116542339325
1,1796,0.9300882816314697,0.382087767124176,0.5480005145072937
1,1797,0.7953374981880188,0.4629628658294678,0.332374632358551
1,1798,0.6302058696746826,0.2973048686981201,0.3329010307788849
1,1799,0.5876350402832031,0.21487461030483246,0.37276044487953186
1,1800,0.5252761840820312,0.24488407373428345,0.2803920805454254
1,1801,0.6612973213195801,0.3093782067298889,0.3519190847873688
1,1802,0.7837674021720886,0.3719647526741028,0.41180264949798584
1,1803,0.6429280042648315,0.3490237295627594,0.29390424489974976
1,1804,0.7050983905792236,0.3405938148498535,0.3645045757293701
1,1805,0.9059642553329468,0.5920812487602234,0.313882976770401
1,1806,1.654751181602478,1.0063848495483398,0.6483663320541382
1,1807,0.696532130241394,0.39163291454315186,0.3048992156982422
1,1808,0.7853078842163086,0.41552257537841797,0.36978527903556824
1,1809,0.8097010850906372,0.4115520119667053,0.3981490731239319
1,1810,0.7499094009399414,0.42584559321403503,0.32406383752822876
1,1811,0.4637787938117981,0.2053331583738327,0.2584456503391266
1,1812,0.6562588214874268,0.34310781955718994,0.31315097212791443
1,1813,0.889798641204834,0.4579678773880005,0.4318307340145111
1,1814,0.5640559792518616,0.20016497373580933,0.36389100551605225
1,1815,0.8585411906242371,0.4902527332305908,0.36828845739364624
1,1816,0.5051095485687256,0.21329377591609955,0.29181575775146484
1,1817,0.6918479204177856,0.3936136066913605,0.2982342839241028
1,1818,0.8422383069992065,0.4557728171348572,0.38646551966667175
1,1819,0.581788182258606,0.30522459745407104,0.2765635848045349
1,1820,0.6608543395996094,0.33819079399108887,0.3226635754108429
1,1821,0.5922677516937256,0.29145535826683044,0.30081236362457275
1,1822,0.7975261211395264,0.4186931848526001,0.37883293628692627
1,1823,0.6340944170951843,0.35727542638778687,0.27681899070739746
1,1824,0.7261559963226318,0.39224034547805786,0.33391568064689636
1,1825,0.403123676776886,0.19782868027687073,0.20529499650001526
1,1826,0.7547117471694946,0.40051013231277466,0.35420161485671997
1,1827,0.4114377796649933,0.13563057780265808,0.2758072018623352
1,1828,0.9112467169761658,0.4858319163322449,0.4254148006439209
1,1829,0.5169821977615356,0.18355345726013184,0.3334287106990814
1,1830,0.4696553945541382,0.25904983282089233,0.21060556173324585
1,1831,0.8267355561256409,0.4326464533805847,0.39408910274505615
1,1832,0.5830874443054199,0.2587125301361084,0.3243749141693115
1,1833,0.5748671889305115,0.27931833267211914,0.29554885625839233
1,1834,0.8145172595977783,0.3969897925853729,0.4175274968147278
1,1835,0.780188798904419,0.44727903604507446,0.3329097628593445
1,1836,0.7430446147918701,0.37368232011795044,0.3693622648715973
1,1837,0.7422198057174683,0.44972503185272217,0.2924947738647461
1,1838,0.502309262752533,0.26792535185813904,0.23438392579555511
1,1839,0.673664391040802,0.363118439912796,0.310545951128006
1,1840,0.8272942304611206,0.45755940675735474,0.36973482370376587
1,1841,0.7425965070724487,0.46645140647888184,0.2761451303958893
1,1842,0.5926192998886108,0.3167797923088074,0.27583950757980347
1,1843,0.5827395915985107,0.1959388554096222,0.38680076599121094
1,1844,0.8874752521514893,0.537761390209198,0.34971389174461365
1,1845,1.1329231262207031,0.6075636148452759,0.5253595113754272
1,1846,1.3963581323623657,0.903519332408905,0.4928387999534607
1,1847,0.5017610788345337,0.26434364914894104,0.23741745948791504
1,1848,0.7102570533752441,0.5573465824127197,0.15291047096252441
1,1849,0.7652827501296997,0.4904601573944092,0.27482256293296814
1,1850,0.7089531421661377,0.4015324115753174,0.3074207007884979
1,1851,0.8619005680084229,0.5117018818855286,0.3501986861228943
1,1852,0.7815304398536682,0.42304477095603943,0.3584856688976288
1,1853,0.7347412705421448,0.4886440932750702,0.24609717726707458
1,1854,0.6528752446174622,0.3023252487182617,0.35054999589920044
1,1855,0.6404482126235962,0.3153492510318756,0.3250989317893982
1,1856,0.8699924945831299,0.4675072431564331,0.4024852514266968
1,1857,0.7577404975891113,0.3512808680534363,0.40645962953567505
1,1858,0.4270274043083191,0.23786835372447968,0.18915903568267822
1,1859,0.7503314018249512,0.3382517099380493,0.41207969188690186
1,1860,0.5404539108276367,0.20226946473121643,0.3381844162940979
1,1861,0.5095221996307373,0.2486865520477295,0.2608356177806854
1,1862,0.6212289333343506,0.32247868180274963,0.29875028133392334
1,1863,0.6056069135665894,0.3306817412376404,0.27492520213127136
1,1864,0.6584986448287964,0.35549747943878174,0.30300116539001465
1,1865,0.4769778251647949,0.1837386190891266,0.29323920607566833
1,1866,0.5551259517669678,0.28776925802230835,0.2673566937446594
1,1867,0.6724745035171509,0.37459391355514526,0.297880619764328
1,1868,1.1286190748214722,0.7281671762466431,0.4004519283771515
1,1869,0.6757710576057434,0.3685362935066223,0.3072347640991211
1,1870,0.7228947281837463,0.3227326273918152,0.40016210079193115
1,1871,0.6068791747093201,0.3571959137916565,0.24968324601650238
1,1872,0.4926551282405853,0.19757694005966187,0.29507818818092346
1,1873,0.5966973900794983,0.32927224040031433,0.26742514967918396
1,1874,1.2165381908416748,0.5332023501396179,0.6833357810974121
1,1875,0.5649084448814392,0.27522751688957214,0.28968092799186707
1,1876,0.5217589735984802,0.25945767760276794,0.2623012959957123
1,1877,0.6974998712539673,0.3247430920600891,0.37275680899620056
1,1878,0.5159981846809387,0.19860412180423737,0.31739407777786255
1,1879,0.5158371925354004,0.1760314404964447,0.3398057222366333
1,1880,0.8658641576766968,0.5314787030220032,0.3343854546546936
1,1881,0.7756659984588623,0.3523062467575073,0.423359751701355
1,1882,0.7208583354949951,0.37925058603286743,0.3416077494621277
1,1883,0.8125134706497192,0.457294225692749,0.3552192449569702
1,1884,0.7367485165596008,0.39023953676223755,0.3465089797973633
1,1885,0.7469971776008606,0.39177781343460083,0.35521936416625977
1,1886,0.7642961144447327,0.4337434768676758,0.3305526375770569
1,1887,0.9059581756591797,0.42706313729286194,0.47889500856399536
1,1888,0.9243545532226562,0.5580925941467285,0.36626192927360535
1,1889,0.6804853677749634,0.37588977813720703,0.30459558963775635
1,1890,0.5632761716842651,0.2865754961967468,0.2767006754875183
1,1891,0.5446077585220337,0.26316794753074646,0.2814398407936096
1,1892,0.8026440143585205,0.4470334053039551,0.3556106388568878
1,1893,0.7960641980171204,0.5247527956962585,0.2713114023208618
1,1894,0.8871815204620361,0.481766939163208,0.4054145812988281
1,1895,0.6360960006713867,0.26024314761161804,0.37585288286209106
1,1896,0.4996684193611145,0.22688260674476624,0.27278581261634827
1,1897,0.4773906171321869,0.23697659373283386,0.24041402339935303
1,1898,1.0599968433380127,0.7580308318138123,0.30196595191955566
1,1899,0.8246636390686035,0.4433472752571106,0.3813163638114929
1,1900,0.5484136343002319,0.2915608882904053,0.25685274600982666
1,1901,0.5953187942504883,0.32475852966308594,0.27056026458740234
1,1902,0.4607198238372803,0.202756866812706,0.2579629421234131
1,1903,0.6958239078521729,0.3466534912586212,0.349170446395874
1,1904,0.5051281452178955,0.1779378354549408,0.3271902799606323
1,1905,0.5892925262451172,0.35336899757385254,0.23592352867126465
1,1906,0.7844418883323669,0.34888070821762085,0.4355611801147461
1,1907,0.5867942571640015,0.37331366539001465,0.213480606675148
1,1908,0.6426631212234497,0.31100180745124817,0.33166131377220154
1,1909,0.5718124508857727,0.24923688173294067,0.32257556915283203
1,1910,0.5781363248825073,0.2945747971534729,0.2835615277290344
1,1911,0.8898911476135254,0.46861472725868225,0.42127642035484314
1,1912,0.7458306550979614,0.4060644209384918,0.3397662043571472
1,1913,0.6310698986053467,0.3697313666343689,0.2613385319709778
1,1914,0.5621870756149292,0.3447391986846924,0.21744784712791443
1,1915,0.6918604969978333,0.35948485136032104,0.3323756456375122
1,1916,0.4847370982170105,0.2781775891780853,0.20655950903892517
1,1917,0.5227257013320923,0.2424938976764679,0.2802318334579468
1,1918,0.5738563537597656,0.37019962072372437,0.20365676283836365
1,1919,0.7481985092163086,0.4292078912258148,0.3189905881881714
1,1920,0.7375551462173462,0.35277917981147766,0.38477596640586853
1,1921,0.455025851726532,0.2507988214492798,0.2042270302772522
1,1922,0.5265489220619202,0.25695833563804626,0.2695905864238739
1,1923,1.060479760169983,0.5201345682144165,0.5403451919555664
1,1924,0.728707492351532,0.34280896186828613,0.38589853048324585
1,1925,0.7335687875747681,0.37595152854919434,0.35761722922325134
1,1926,0.48708677291870117,0.21556396782398224,0.27152279019355774
1,1927,0.7143689393997192,0.3483295440673828,0.3660393953323364
1,1928,0.6204074621200562,0.29863837361335754,0.3217690587043762
1,1929,0.6285976767539978,0.3680025339126587,0.2605951428413391
1,1930,0.6561172604560852,0.3668442368507385,0.2892730236053467
1,1931,0.45072051882743835,0.18647509813308716,0.2642454206943512
1,1932,0.934618353843689,0.5013525485992432,0.4332658350467682
1,1933,0.6013243794441223,0.3362171947956085,0.2651071846485138
1,1934,0.5522330403327942,0.23311540484428406,0.31911763548851013
1,1935,0.7781346440315247,0.4254504442214966,0.3526841998100281
1,1936,0.785812497138977,0.4622127413749695,0.32359978556632996
1,1937,0.806260883808136,0.4442380666732788,0.3620228171348572
1,1938,0.8934186697006226,0.36507299542427063,0.5283457040786743
1,1939,0.5337077379226685,0.2901420593261719,0.24356569349765778
1,1940,0.48970872163772583,0.21634775400161743,0.2733609676361084
1,1941,0.6632465720176697,0.30620259046554565,0.357043981552124
1,1942,0.7276898622512817,0.38914087414741516,0.3385489583015442
1,1943,0.81504887342453,0.44793128967285156,0.36711758375167847
1,1944,0.7217302322387695,0.28024137020111084,0.4414888322353363
1,1945,0.7031192779541016,0.29825887084007263,0.4048604369163513
1,1946,0.5411416888237,0.2184932976961136,0.32264840602874756
1,1947,0.771416962146759,0.37613099813461304,0.395285964012146
1,1948,0.7570840120315552,0.3388806879520416,0.41820335388183594
1,1949,0.5279439091682434,0.2912314534187317,0.23671245574951172
1,1950,0.5303812623023987,0.3081047832965851,0.2222764641046524
1,1951,0.6474719643592834,0.3467685580253601,0.30070340633392334
1,1952,0.501838743686676,0.2404383420944214,0.26140040159225464
1,1953,0.6033933162689209,0.36061012744903564,0.24278315901756287
1,1954,0.7838561534881592,0.3717976212501526,0.4120585024356842
1,1955,0.4899454116821289,0.24378670752048492,0.2461586892604828
1,1956,0.5548011064529419,0.2946070432662964,0.2601940631866455
1,1957,0.7185153961181641,0.4318256378173828,0.28668978810310364
1,1958,0.4901971220970154,0.23208416998386383,0.25811296701431274
1,1959,0.5752788782119751,0.3494023084640503,0.22587653994560242
1,1960,0.6171053647994995,0.33551496267318726,0.28159037232398987
1,1961,0.49803197383880615,0.27356573939323425,0.2244662344455719
1,1962,0.7812564373016357,0.3871811628341675,0.39407527446746826
1,1963,0.7680951356887817,0.4474116563796997,0.32068347930908203
1,1964,0.5501782298088074,0.17343397438526154,0.37674424052238464
1,1965,0.56336510181427,0.2718718349933624,0.2914932668209076
1,1966,0.4681724011898041,0.22438253462314606,0.24378986656665802
1,1967,0.7300495505332947,0.32395631074905396,0.4060932397842407
1,1968,0.697098433971405,0.3170927166938782,0.38000571727752686
1,1969,0.5293720960617065,0.30382871627807617,0.22554340958595276
1,1970,0.4975450336933136,0.16949287056922913,0.3280521631240845
1,1971,0.6873254776000977,0.3721105754375458,0.31521493196487427
1,1972,0.46333837509155273,0.17853017151355743,0.2848082184791565
1,1973,0.4945201277732849,0.22959226369857788,0.26492786407470703
1,1974,0.673539400100708,0.30333152413368225,0.37020790576934814
1,1975,0.6521450281143188,0.3711317777633667,0.28101322054862976
1,1976,0.7804157137870789,0.3304491639137268,0.44996654987335205
1,1977,0.7135929465293884,0.35601240396499634,0.3575805425643921
1,1978,0.616329550743103,0.35595616698265076,0.2603733539581299
1,1979,0.5302798748016357,0.25513410568237305,0.2751457691192627
1,1980,0.6304941773414612,0.315470814704895,0.31502336263656616
1,1981,0.4619063138961792,0.19880855083465576,0.26309776306152344
1,1982,0.6297589540481567,0.22454604506492615,0.4052128791809082
1,1983,0.7131907343864441,0.39389848709106445,0.31929224729537964
1,1984,0.857685923576355,0.4711124897003174,0.3865734338760376
1,1985,0.7321004867553711,0.4046928584575653,0.3274076581001282
1,1986,0.7954202890396118,0.4043392837047577,0.3910810351371765
1,1987,0.8157788515090942,0.5414755344390869,0.2743033468723297
1,1988,0.9624470472335815,0.5346500873565674,0.42779695987701416
1,1989,0.6082471609115601,0.30597275495529175,0.3022743761539459
1,1990,0.8531202673912048,0.5510014891624451,0.30211877822875977
1,1991,0.8896558880805969,0.46429443359375,0.4253614544868469
1,1992,0.6203612685203552,0.34906524419784546,0.27129602432250977
1,1993,0.5997864007949829,0.28322353959083557,0.3165628910064697
1,1994,0.44135838747024536,0.20660288631916046,0.2347554862499237
1,1995,0.6238588690757751,0.34927451610565186,0.2745843529701233
1,1996,0.6467311382293701,0.3914063572883606,0.2553247809410095
1,1997,0.7047958970069885,0.3508726954460144,0.3539232015609741
1,1998,0.5832010507583618,0.2767612934112549,0.30643972754478455
1,1999,0.4829808175563812,0.22967195510864258,0.25330886244773865
1,2000,0.6840324401855469,0.35501012206077576,0.3290223181247711
1,2001,1.0043597221374512,0.48089879751205444,0.523460865020752
1,2002,0.6383470892906189,0.34799516201019287,0.290351927280426
1,2003,0.5857656598091125,0.3678560256958008,0.21790963411331177
1,2004,0.871540367603302,0.34457772970199585,0.5269626379013062
1,2005,0.799588680267334,0.36483070254325867,0.43475794792175293
1,2006,0.7749629020690918,0.40526992082595825,0.36969298124313354
1,2007,0.5883817672729492,0.31132227182388306,0.2770594656467438
1,2008,0.7555385231971741,0.4377695322036743,0.31776899099349976
1,2009,0.9138593673706055,0.4637502133846283,0.45010918378829956
1,2010,0.8804607391357422,0.46412181854248047,0.4163389205932617
1,2011,0.8707836866378784,0.4799339473247528,0.390849769115448
1,2012,0.7863143682479858,0.39496931433677673,0.3913450539112091
1,2013,0.7513132095336914,0.34737011790275574,0.40394312143325806
1,2014,0.5887637138366699,0.23981931805610657,0.34894436597824097
1,2015,0.6271746754646301,0.30456703901290894,0.3226076364517212
1,2016,0.6247069835662842,0.24654628336429596,0.3781607151031494
1,2017,0.35813096165657043,0.13641709089279175,0.2217138707637787
1,2018,0.8890097141265869,0.49215614795684814,0.39685356616973877
1,2019,0.4279893636703491,0.2205810248851776,0.2074083536863327
1,2020,0.6459312438964844,0.30633264780044556,0.3395986258983612
1,2021,0.5218989253044128,0.22875121235847473,0.2931477129459381
1,2022,0.7115746736526489,0.3269166350364685,0.3846580386161804
1,2023,0.6471858620643616,0.2725540101528168,0.3746318519115448
1,2024,0.5906462669372559,0.2835732400417328,0.30707302689552307
1,2025,0.6669396162033081,0.2732105553150177,0.3937290906906128
1,2026,0.5981035232543945,0.24978965520858765,0.3483138680458069
1,2027,0.5415545105934143,0.2529436945915222,0.2886108160018921
1,2028,0.6191983819007874,0.26558518409729004,0.3536131978034973
1,2029,0.5122296810150146,0.2558998763561249,0.2563297748565674
1,2030,0.5841221809387207,0.302172988653183,0.28194916248321533
1,2031,0.8253868222236633,0.4882739186286926,0.3371129035949707
1,2032,0.7980879545211792,0.4876815676689148,0.3104064166545868
1,2033,0.556282639503479,0.2239445149898529,0.3323380947113037
1,2034,0.7087560892105103,0.2546965777873993,0.4540594816207886
1,2035,0.5758976340293884,0.22481627762317657,0.35108137130737305
1,2036,0.6225159168243408,0.23938864469528198,0.3831273019313812
1,2037,0.6578216552734375,0.3821157217025757,0.2757059335708618
1,2038,0.6383345127105713,0.2807035744190216,0.3576309084892273
1,2039,0.5306550860404968,0.2838273346424103,0.24682775139808655
1,2040,0.47854116559028625,0.19193270802497864,0.2866084575653076
1,2041,0.9626340270042419,0.5903603434562683,0.37227368354797363
1,2042,0.6277192831039429,0.3795679211616516,0.24815139174461365
1,2043,0.7952364683151245,0.41002780199050903,0.3852086365222931
1,2044,0.5766311883926392,0.3243132531642914,0.2523179352283478
1,2045,0.7434040307998657,0.335066020488739,0.4083380103111267
1,2046,0.7114114761352539,0.3594067692756653,0.3520047068595886
1,2047,0.7888028621673584,0.4421694576740265,0.3466334342956543
1,2048,0.8696385622024536,0.5770468711853027,0.29259172081947327
1,2049,0.5932356119155884,0.28810426592826843,0.30513131618499756
1,2050,0.45784085988998413,0.21549534797668457,0.24234551191329956
1,2051,0.467904269695282,0.1613541841506958,0.3065500855445862
1,2052,0.8069996237754822,0.31055113673210144,0.49644848704338074
1,2053,0.6680473685264587,0.3075423240661621,0.36050504446029663
1,2054,0.6409682035446167,0.31941235065460205,0.32155588269233704
1,2055,0.8712414503097534,0.44817644357681274,0.4230650067329407
1,2056,0.7999997138977051,0.4454609751701355,0.35453876852989197
1,2057,0.5328852534294128,0.2937752604484558,0.23910999298095703
1,2058,0.6677044630050659,0.2835350036621094,0.38416942954063416
1,2059,0.8800761699676514,0.46053147315979004,0.41954469680786133
1,2060,0.7680408954620361,0.3830208480358124,0.38502007722854614
1,2061,0.45856672525405884,0.21346068382263184,0.245106041431427
1,2062,0.713753342628479,0.2857990860939026,0.4279542863368988
1,2063,0.6030211448669434,0.37550830841064453,0.22751286625862122
1,2064,0.7980512380599976,0.28537535667419434,0.5126758813858032
1,2065,0.9073105454444885,0.5315881967544556,0.37572234869003296
1,2066,0.5469393134117126,0.22761914134025574,0.3193201720714569
1,2067,0.5410948991775513,0.23526909947395325,0.3058258295059204
1,2068,0.6034848690032959,0.28065183758735657,0.3228330612182617
1,2069,0.6311099529266357,0.2578482925891876,0.37326163053512573
1,2070,0.8337578773498535,0.5719257593154907,0.2618321180343628
1,2071,0.6088130474090576,0.27134570479393005,0.3374673128128052
1,2072,0.7874283194541931,0.3760620355606079,0.4113662838935852
1,2073,0.6104004383087158,0.31544673442840576,0.29495370388031006
1,2074,0.6170233488082886,0.38867852091789246,0.2283448576927185
1,2075,0.6327244639396667,0.2744400203227997,0.35828444361686707
1,2076,0.721612811088562,0.4050324261188507,0.3165803551673889
1,2077,0.6300461888313293,0.33013302087783813,0.2999131679534912
1,2078,0.7031993269920349,0.42436569929122925,0.27883362770080566
1,2079,0.6542877554893494,0.3780074119567871,0.27628034353256226
1,2080,0.7946621179580688,0.4771278202533722,0.31753432750701904
1,2081,0.6747951507568359,0.3888251483440399,0.285970002412796
1,2082,0.8523796200752258,0.36221206188201904,0.4901675581932068
1,2083,0.7001692652702332,0.3631354570388794,0.33703380823135376
1,2084,0.9006719589233398,0.39915964007377625,0.5015122890472412
1,2085,0.6484427452087402,0.2992607653141022,0.3491819500923157
1,2086,0.7289556264877319,0.3148971199989319,0.41405850648880005
1,2087,0.7818691730499268,0.32438793778419495,0.4574812650680542
1,2088,0.6671156287193298,0.30641788244247437,0.36069774627685547
1,2089,0.7790892124176025,0.3884181082248688,0.39067113399505615
1,2090,0.9344662427902222,0.5918235778808594,0.3426426649093628
1,2091,0.5097885727882385,0.24747084081172943,0.2623177468776703
1,2092,0.7172465324401855,0.2790694832801819,0.43817704916000366
1,2093,0.7229012846946716,0.3725007474422455,0.35040053725242615
1,2094,0.611651599407196,0.3272278904914856,0.28442370891571045
1,2095,0.7486988306045532,0.44225674867630005,0.3064420521259308
1,2096,0.7412176132202148,0.4201149642467499,0.32110267877578735
1,2097,0.9334926605224609,0.5533627271652222,0.38012993335723877
1,2098,0.5138016939163208,0.2474403977394104,0.2663612961769104
1,2099,1.0385469198226929,0.5425198674201965,0.49602705240249634
1,2100,0.7428350448608398,0.29478204250335693,0.4480530023574829
1,2101,0.7521824240684509,0.3477444648742676,0.40443795919418335
1,2102,0.6299432516098022,0.2376217544078827,0.39232152700424194
1,2103,0.9795624017715454,0.4895133674144745,0.4900490343570709
1,2104,0.6360107660293579,0.2959677577018738,0.34004300832748413
1,2105,0.8603658080101013,0.6431208252906799,0.2172449827194214
1,2106,0.658122181892395,0.30965062975883484,0.34847158193588257
1,2107,1.1443252563476562,0.6831788420677185,0.46114635467529297
1,2108,1.097332239151001,0.7181043028831482,0.37922799587249756
1,2109,0.6148548722267151,0.3450848460197449,0.2697700262069702
1,2110,0.8184782266616821,0.5198230743408203,0.2986551821231842
1,2111,1.0189311504364014,0.6293278932571411,0.38960328698158264
1,2112,0.871891975402832,0.468114972114563,0.40377697348594666
1,2113,0.9979564547538757,0.6219308972358704,0.37602555751800537
1,2114,0.8882309198379517,0.4581254720687866,0.43010544776916504
1,2115,0.6559777855873108,0.34520065784454346,0.31077712774276733
1,2116,0.6305673718452454,0.27638018131256104,0.3541871905326843
1,2117,0.6593905091285706,0.3952007293701172,0.26418977975845337
1,2118,0.4274914562702179,0.17353695631027222,0.2539544999599457
1,2119,0.8242745995521545,0.43801742792129517,0.3862571716308594
1,2120,1.002657413482666,0.6662824749946594,0.3363749384880066
1,2121,0.9012260437011719,0.5214430689811707,0.3797829747200012
1,2122,0.6326445937156677,0.2952269911766052,0.3374176025390625
1,2123,0.556465744972229,0.24084000289440155,0.31562572717666626
1,2124,0.5383973121643066,0.27872657775878906,0.2596707344055176
1,2125,0.46034079790115356,0.16981559991836548,0.2905251979827881
1,2126,0.7092257738113403,0.4040859341621399,0.30513983964920044
1,2127,0.7483376264572144,0.3537026345729828,0.39463502168655396
1,2128,0.7601660490036011,0.3929804563522339,0.3671856224536896
1,2129,0.8242460489273071,0.44424599409103394,0.3800000548362732
1,2130,0.7481949925422668,0.3952261209487915,0.35296887159347534
1,2131,0.7710768580436707,0.3660334348678589,0.40504342317581177
1,2132,0.9275208711624146,0.6143563985824585,0.31316450238227844
1,2133,0.9900920987129211,0.557051420211792,0.43304067850112915
1,2134,0.5706191062927246,0.27287527918815613,0.2977437973022461
1,2135,0.7459446787834167,0.42285919189453125,0.3230854868888855
1,2136,0.7291840314865112,0.3655586838722229,0.36362534761428833
1,2137,0.8895605206489563,0.5384035110473633,0.351157009601593
1,2138,0.7643839716911316,0.4579835534095764,0.3064004182815552
1,2139,0.685519814491272,0.3372139632701874,0.348305881023407
1,2140,0.662039041519165,0.2767903804779053,0.38524866104125977
1,2141,0.7168352007865906,0.3189527988433838,0.3978824019432068
1,2142,0.5797961950302124,0.24308934807777405,0.33670681715011597
1,2143,0.497113436460495,0.23681512475013733,0.26029831171035767
1,2144,1.070418357849121,0.6482900381088257,0.4221283495426178
1,2145,0.7292248606681824,0.4477955102920532,0.28142935037612915
1,2146,0.7442729473114014,0.382251113653183,0.36202186346054077
1,2147,0.6263730525970459,0.26610881090164185,0.36026424169540405
1,2148,0.43970346450805664,0.19641783833503723,0.2432856261730194
1,2149,0.8318109512329102,0.4767041802406311,0.35510680079460144
1,2150,0.4300224483013153,0.18566350638866425,0.24435894191265106
1,2151,0.5856810808181763,0.25586608052253723,0.3298150300979614
1,2152,0.6581871509552002,0.38370397686958313,0.2744831442832947
1,2153,0.7648088335990906,0.4335750341415405,0.33123379945755005
1,2154,0.793087363243103,0.36126694083213806,0.43182045221328735
1,2155,0.704552948474884,0.35377609729766846,0.3507768511772156
1,2156,0.7180523872375488,0.4671817421913147,0.2508706748485565
1,2157,0.5844225883483887,0.2253921926021576,0.35903042554855347
1,2158,0.4115518033504486,0.14241763949394226,0.26913416385650635
1,2159,0.8804192543029785,0.5125128626823425,0.3679063618183136
1,2160,1.2538992166519165,0.5871046781539917,0.6667945384979248
1,2161,0.6124578714370728,0.30014777183532715,0.3123100996017456
1,2162,0.5651606917381287,0.2662946581840515,0.29886603355407715
1,2163,0.8198949098587036,0.47721385955810547,0.34268105030059814
1,2164,0.5270943641662598,0.2605084478855133,0.26658594608306885
1,2165,0.7819069623947144,0.3754286766052246,0.40647825598716736
1,2166,0.5960381031036377,0.3075964152812958,0.2884416878223419
1,2167,0.6684965491294861,0.35123246908187866,0.3172640800476074
1,2168,0.7722814083099365,0.439662367105484,0.3326190710067749
1,2169,0.6105320453643799,0.27433133125305176,0.33620068430900574
1,2170,0.630531907081604,0.32890987396240234,0.3016220033168793
1,2171,0.9978492856025696,0.45026499032974243,0.5475842952728271
1,2172,0.7986400127410889,0.4617539048194885,0.33688610792160034
1,2173,0.5533525943756104,0.25543126463890076,0.297921359539032
1,2174,0.6611167788505554,0.3799865245819092,0.28113025426864624
1,2175,0.5196781158447266,0.20904237031936646,0.3106357455253601
1,2176,0.29596444964408875,0.10711134970188141,0.18885309994220734
1,2177,0.73073410987854,0.39477241039276123,0.3359616994857788
1,2178,0.5778836011886597,0.24398866295814514,0.33389490842819214
1,2179,0.8017874956130981,0.4318114221096039,0.36997607350349426
1,2180,0.7073839902877808,0.3845641613006592,0.3228197991847992
1,2181,0.8067532777786255,0.30617788434028625,0.5005754232406616
1,2182,0.6563460230827332,0.30938291549682617,0.346963107585907
1,2183,0.5026348829269409,0.2513883709907532,0.25124651193618774
1,2184,0.7205410599708557,0.3362664580345154,0.38427460193634033
1,2185,0.6447036266326904,0.36045801639556885,0.2842455804347992
1,2186,0.8648813962936401,0.5248358845710754,0.3400455415248871
1,2187,0.5581627488136292,0.2680565118789673,0.29010623693466187
1,2188,1.1209518909454346,0.5210137963294983,0.599938154220581
1,2189,0.8789958953857422,0.5158893465995789,0.36310654878616333
1,2190,0.5061595439910889,0.2059052586555481,0.30025428533554077
1,2191,0.7976033687591553,0.397160142660141,0.40044325590133667
1,2192,0.4834679365158081,0.23428042232990265,0.24918749928474426
1,2193,0.687563955783844,0.37720292806625366,0.31036102771759033
1,2194,0.7349452972412109,0.38037654757499695,0.3545687794685364
1,2195,0.7464203834533691,0.42493441700935364,0.3214859664440155
1,2196,0.5876083374023438,0.41180530190467834,0.1758030354976654
1,2197,0.6591397523880005,0.36317577958106995,0.29596394300460815
1,2198,0.8132089376449585,0.46192318201065063,0.3512857258319855
1,2199,0.8008290529251099,0.5555942058563232,0.24523483216762543
1,2200,0.6778004169464111,0.33579808473587036,0.3420023024082184
1,2201,0.6272165775299072,0.3489609956741333,0.2782555818557739
1,2202,0.7689130306243896,0.5406628847122192,0.2282501459121704
1,2203,0.739536702632904,0.4140006899833679,0.32553601264953613
1,2204,0.7590569257736206,0.4526558220386505,0.3064010739326477
1,2205,0.6255519390106201,0.28760063648223877,0.33795130252838135
1,2206,0.8672446012496948,0.6166872382164001,0.2505573630332947
1,2207,0.7096604108810425,0.3288852274417877,0.3807751536369324
1,2208,0.9100428223609924,0.4769676923751831,0.4330751299858093
1,2209,0.7281903028488159,0.47428083419799805,0.25390946865081787
1,2210,0.8748451471328735,0.5252313613891602,0.34961381554603577
1,2211,0.6221409440040588,0.28651970624923706,0.3356212377548218
1,2212,0.48798930644989014,0.22176676988601685,0.2662225365638733
1,2213,0.5923100709915161,0.31917470693588257,0.27313536405563354
1,2214,0.8904957175254822,0.5515596270561218,0.33893609046936035
1,2215,0.5309656262397766,0.255980908870697,0.2749847173690796
1,2216,0.5062680840492249,0.26083213090896606,0.2454359531402588
1,2217,0.7249660491943359,0.3507428765296936,0.37422317266464233
1,2218,0.78519606590271,0.38401955366134644,0.4011765122413635
1,2219,0.9117669463157654,0.526195764541626,0.3855711817741394
1,2220,0.7992932200431824,0.35623443126678467,0.4430587887763977
1,2221,1.001586675643921,0.509562611579895,0.4920240044593811
1,2222,0.7018648386001587,0.33096396923065186,0.37090086936950684
1,2223,0.6000174880027771,0.36312636733055115,0.23689110577106476
1,2224,0.7530325651168823,0.32888028025627136,0.4241522550582886
1,2225,0.5666707754135132,0.2646268606185913,0.3020439147949219
1,2226,0.75499427318573,0.5055058598518372,0.24948841333389282
1,2227,0.5755923986434937,0.3427961468696594,0.23279622197151184
1,2228,0.7446343898773193,0.352299302816391,0.39233511686325073
1,2229,0.48236238956451416,0.23239834606647491,0.24996402859687805
1,2230,0.6947197914123535,0.31995993852615356,0.37475988268852234
1,2231,0.8690528273582458,0.4656153917312622,0.40343743562698364
1,2232,0.6949971318244934,0.35267794132232666,0.34231919050216675
1,2233,0.84098219871521,0.45850616693496704,0.3824760317802429
1,2234,0.7194493412971497,0.3613622784614563,0.35808706283569336
1,2235,0.7862825393676758,0.4703252613544464,0.31595730781555176
1,2236,0.5643570423126221,0.31143099069595337,0.2529260516166687
1,2237,0.6451573967933655,0.2854576110839844,0.3596997857093811
1,2238,0.584698498249054,0.2808611989021301,0.30383729934692383
1,2239,0.6048989295959473,0.3512190580368042,0.25367987155914307
1,2240,0.5413625836372375,0.24292612075805664,0.2984364628791809
1,2241,0.8378685712814331,0.407858669757843,0.4300099015235901
1,2242,0.8104902505874634,0.4676046371459961,0.3428856134414673
1,2243,0.8442396521568298,0.42524129152297974,0.4189983606338501
1,2244,0.7456477880477905,0.34941017627716064,0.3962375819683075
1,2245,0.8684144020080566,0.4420907497406006,0.42632368206977844
1,2246,0.7309986352920532,0.40028855204582214,0.33071011304855347
1,2247,0.42498576641082764,0.17869119346141815,0.2462945580482483
1,2248,0.6590914726257324,0.3661274015903473,0.2929641008377075
1,2249,0.4966525435447693,0.17302334308624268,0.3236292004585266
1,2250,0.642248809337616,0.41603007912635803,0.22621873021125793
1,2251,0.6526218056678772,0.33017581701278687,0.32244598865509033
1,2252,0.5563416481018066,0.2795872986316681,0.27675437927246094
1,2253,0.3403349816799164,0.13810786604881287,0.20222711563110352
1,2254,0.6408679485321045,0.28429457545280457,0.3565734028816223
1,2255,0.5256455540657043,0.244563490152359,0.28108206391334534
1,2256,0.6653385758399963,0.3352222442626953,0.330116331577301
1,2257,0.6231549978256226,0.27865007519721985,0.3445049226284027
1,2258,0.5432626605033875,0.2985314726829529,0.24473117291927338
1,2259,0.6328749060630798,0.25862860679626465,0.3742462992668152
1,2260,0.6795066595077515,0.31922218203544617,0.3602844774723053
1,2261,0.5488701462745667,0.29855191707611084,0.2503182291984558
1,2262,0.753623902797699,0.4334770441055298,0.3201468586921692
1,2263,0.5359007120132446,0.25002631545066833,0.2858743667602539
1,2264,0.6550890207290649,0.294045090675354,0.3610439598560333
1,2265,0.4476555585861206,0.2383842170238495,0.20927134156227112
1,2266,0.8205199241638184,0.44001656770706177,0.3805033266544342
1,2267,0.7061610221862793,0.32248976826667786,0.38367125391960144
1,2268,0.6487671136856079,0.3740895986557007,0.27467748522758484
1,2269,0.796127200126648,0.4104830026626587,0.38564419746398926
1,2270,0.9394301176071167,0.5292603373527527,0.410169780254364
1,2271,0.4703368544578552,0.19116267561912537,0.27917417883872986
1,2272,0.4984605312347412,0.17408788204193115,0.32437264919281006
1,2273,0.7801740169525146,0.31080716848373413,0.46936681866645813
1,2274,0.37264692783355713,0.16548839211463928,0.20715853571891785
1,2275,0.5902881026268005,0.2659371793270111,0.32435092329978943
1,2276,0.4405667781829834,0.21429404616355896,0.22627273201942444
1,2277,0.6992387771606445,0.4441947340965271,0.25504401326179504
1,2278,1.0037996768951416,0.5363492965698242,0.46745043992996216
1,2279,0.6584393978118896,0.3013863265514374,0.35705307126045227
1,2280,0.7628258466720581,0.37543046474456787,0.38739538192749023
1,2281,0.8923306465148926,0.40291374921798706,0.48941686749458313
1,2282,0.37383413314819336,0.14569635689258575,0.2281377613544464
1,2283,0.6127130389213562,0.30698972940444946,0.30572330951690674
1,2284,0.5080705881118774,0.27701643109321594,0.2310541868209839
1,2285,0.7787513732910156,0.29985201358795166,0.47889935970306396
1,2286,0.5636847019195557,0.319663941860199,0.24402078986167908
1,2287,0.47798895835876465,0.20720714330673218,0.27078181505203247
1,2288,0.6966635584831238,0.3303981423377991,0.3662654161453247
1,2289,0.6690399050712585,0.31710344552993774,0.3519364595413208
1,2290,0.5606682896614075,0.24873891472816467,0.3119293749332428
1,2291,0.42045989632606506,0.2098502814769745,0.21060961484909058
1,2292,0.6803809404373169,0.3178744316101074,0.3625065088272095
1,2293,0.5449986457824707,0.20682206749916077,0.33817654848098755
1,2294,0.8589060306549072,0.44882506132125854,0.4100809693336487
1,2295,0.8004284501075745,0.4788340926170349,0.32159435749053955
1,2296,0.5471652150154114,0.249467134475708,0.29769808053970337
1,2297,0.7836227416992188,0.3701719343662262,0.41345080733299255
1,2298,0.668361485004425,0.2631329298019409,0.40522855520248413
1,2299,0.5621376037597656,0.2724035978317261,0.28973397612571716
1,2300,0.5718052387237549,0.2793170213699341,0.2924882173538208
1,2301,0.4146953821182251,0.190164715051651,0.2245306670665741
1,2302,0.5424509644508362,0.26690611243247986,0.2755448520183563
1,2303,0.8432910442352295,0.45792156457901,0.38536950945854187
1,2304,0.7297171354293823,0.3933194875717163,0.336397647857666
1,2305,0.44793501496315,0.22454455494880676,0.22339046001434326
1,2306,0.695573091506958,0.33373841643333435,0.36183467507362366
1,2307,0.7302727103233337,0.3406177759170532,0.3896549344062805
1,2308,0.4958333671092987,0.2616962790489197,0.23413708806037903
1,2309,0.5568196773529053,0.2718445956707001,0.2849751114845276
1,2310,0.382118821144104,0.17000694572925568,0.21211186051368713
1,2311,0.8821443319320679,0.5312600135803223,0.3508843183517456
1,2312,0.47059398889541626,0.2019544392824173,0.26863953471183777
1,2313,0.8485551476478577,0.47679805755615234,0.3717570900917053
1,2314,0.971713125705719,0.5552845597267151,0.4164285659790039
1,2315,0.8745333552360535,0.4876864552497864,0.3868468999862671
1,2316,0.740374743938446,0.4281153678894043,0.31225937604904175
1,2317,0.7757132053375244,0.43575823307037354,0.33995500206947327
1,2318,0.61676025390625,0.28711843490600586,0.32964178919792175
1,2319,0.7016237378120422,0.27336329221725464,0.4282604455947876
1,2320,0.9868234395980835,0.5922319293022156,0.39459148049354553
1,2321,0.5458346605300903,0.21833914518356323,0.3274955153465271
1,2322,0.6633137464523315,0.30265820026397705,0.3606555759906769
1,2323,0.6719968318939209,0.26714378595352173,0.4048530161380768
1,2324,0.7894448041915894,0.3981035351753235,0.39134126901626587
1,2325,0.7687822580337524,0.465429425239563,0.30335280299186707
1,2326,0.6917082667350769,0.40328043699264526,0.28842782974243164
1,2327,0.7134751081466675,0.3918776512145996,0.3215974271297455
1,2328,0.6208078861236572,0.2946099042892456,0.3261979818344116
1,2329,0.6565783619880676,0.32594871520996094,0.3306296467781067
1,2330,0.6595096588134766,0.3940328061580658,0.2654768228530884
1,2331,0.6573104858398438,0.39103758335113525,0.2662729322910309
1,2332,0.6149169206619263,0.319650262594223,0.29526662826538086
1,2333,0.6799148321151733,0.3353513479232788,0.34456348419189453
1,2334,0.5705016851425171,0.23997384309768677,0.33052781224250793
1,2335,0.8944543600082397,0.41788363456726074,0.476570725440979
1,2336,0.810676097869873,0.4094192385673523,0.40125685930252075
1,2337,0.4967085123062134,0.27147969603538513,0.22522883117198944
1,2338,0.600502610206604,0.33472055196762085,0.26578208804130554
1,2339,1.0381873846054077,0.6347894668579102,0.40339794754981995
1,2340,0.6752914786338806,0.37982380390167236,0.29546767473220825
1,2341,0.9959148168563843,0.5680499076843262,0.4278649091720581
1,2342,0.6808376908302307,0.3374314606189728,0.34340623021125793
1,2343,0.45253986120224,0.21622177958488464,0.23631806671619415
1,2344,0.47522270679473877,0.26267391443252563,0.21254880726337433
1,2345,0.556986927986145,0.28301265835762024,0.27397429943084717
1,2346,0.5058917999267578,0.255440354347229,0.2504514455795288
1,2347,0.7687116861343384,0.4203675389289856,0.3483441472053528
1,2348,0.5390400886535645,0.2810359001159668,0.25800421833992004
1,2349,0.7582739591598511,0.3211213946342468,0.43715256452560425
1,2350,0.7472281455993652,0.47492527961730957,0.2723028361797333
1,2351,0.655949592590332,0.36179104447364807,0.2941585183143616
1,2352,0.647776186466217,0.45239323377609253,0.1953829526901245
1,2353,0.8579511642456055,0.5162591934204102,0.3416919410228729
1,2354,0.5654740929603577,0.2893211841583252,0.27615290880203247
1,2355,0.5415421724319458,0.26480209827423096,0.27674007415771484
1,2356,0.6269024610519409,0.3046155869960785,0.3222869038581848
1,2357,0.6659162044525146,0.28278711438179016,0.3831290900707245
1,2358,0.6709879636764526,0.31637343764305115,0.3546145558357239
1,2359,0.5699859857559204,0.2705702483654022,0.2994157671928406
1,2360,0.6356840133666992,0.35113486647605896,0.28454911708831787
1,2361,1.3170197010040283,0.9255611896514893,0.39145851135253906
1,2362,0.7084453105926514,0.3789737820625305,0.32947152853012085
1,2363,0.459820032119751,0.20550942420959473,0.25431060791015625
1,2364,0.47447168827056885,0.22567126154899597,0.24880044162273407
1,2365,0.5430486798286438,0.3077388107776642,0.2353098839521408
1,2366,0.5232784748077393,0.29464393854141235,0.2286345362663269
1,2367,0.5999447107315063,0.3459673523902893,0.25397732853889465
1,2368,0.6457467079162598,0.302225798368454,0.3435208797454834
1,2369,1.00138258934021,0.6441335678100586,0.35724908113479614
1,2370,0.6168503761291504,0.36046910285949707,0.2563812732696533
1,2371,0.365257203578949,0.14515742659568787,0.2200997769832611
1,2372,0.6356278657913208,0.41420358419418335,0.22142431139945984
1,2373,0.8416029214859009,0.41257694363594055,0.42902594804763794
1,2374,0.8131536245346069,0.4225982129573822,0.3905554413795471
1,2375,1.0206124782562256,0.5447308421134949,0.4758816957473755
1,2376,0.7704041600227356,0.4544495940208435,0.3159545660018921
1,2377,0.5115617513656616,0.19526174664497375,0.3162999749183655
1,2378,0.49109405279159546,0.25227120518684387,0.2388228476047516
1,2379,0.41556382179260254,0.22861900925636292,0.18694479763507843
1,2380,0.6905543208122253,0.2823597490787506,0.40819457173347473
1,2381,0.7610940933227539,0.4093916416168213,0.351702481508255
1,2382,0.9043846726417542,0.4277132749557495,0.47667139768600464
1,2383,0.4832739233970642,0.2116428017616272,0.271631121635437
1,2384,0.6724721193313599,0.35678696632385254,0.3156851828098297
1,2385,0.42288827896118164,0.22508317232131958,0.19780510663986206
1,2386,0.45336228609085083,0.22650013864040375,0.22686216235160828
1,2387,0.5409564971923828,0.30871903896331787,0.23223744332790375
1,2388,0.8553388118743896,0.5174283385276794,0.3379104435443878
1,2389,0.29601478576660156,0.1881687492132187,0.10784603655338287
1,2390,0.8819444179534912,0.5015764236450195,0.3803679943084717
1,2391,0.48143166303634644,0.25554248690605164,0.2258891761302948
1,2392,0.9394482970237732,0.4143504500389099,0.5250978469848633
1,2393,0.7546875476837158,0.3538004755973816,0.40088707208633423
1,2394,0.36316198110580444,0.14365851879119873,0.2195034623146057
1,2395,0.5938876867294312,0.31808188557624817,0.27580583095550537
1,2396,0.4851157069206238,0.27080005407333374,0.21431565284729004
1,2397,0.6348088979721069,0.35727933049201965,0.2775295674800873
1,2398,0.8387985229492188,0.3608633577823639,0.47793519496917725
1,2399,0.48761212825775146,0.18811973929405212,0.29949238896369934
1,2400,0.559100329875946,0.22516322135925293,0.3339371085166931
1,2401,0.5782711505889893,0.3233616352081299,0.2549095153808594
1,2402,0.5844168663024902,0.26375269889831543,0.3206641376018524
1,2403,0.6404870748519897,0.3895205855369568,0.25096645951271057
1,2404,0.4408150315284729,0.190452441573143,0.2503626048564911
1,2405,0.5931119918823242,0.3245454728603363,0.2685664892196655
1,2406,0.818277895450592,0.4571297764778137,0.3611481189727783
1,2407,0.4581664800643921,0.19725395739078522,0.26091253757476807
1,2408,0.4951817989349365,0.18465405702590942,0.3105277419090271
1,2409,0.7276656627655029,0.2723003327846527,0.45536530017852783
1,2410,0.47661617398262024,0.19748526811599731,0.2791309058666229
1,2411,0.7221164703369141,0.38391655683517456,0.3381999135017395
1,2412,0.8111678957939148,0.47306227684020996,0.33810561895370483
1,2413,0.8756569027900696,0.4512200951576233,0.4244368076324463
1,2414,0.7575922608375549,0.3977680206298828,0.3598242402076721
1,2415,0.49019986391067505,0.13045591115951538,0.35974395275115967
1,2416,0.4055231809616089,0.16388314962387085,0.24164003133773804
1,2417,0.743384599685669,0.4254333972930908,0.3179512023925781
1,2418,0.49265867471694946,0.2708205580711365,0.221838116645813
1,2419,0.6309478282928467,0.2833109200000763,0.347636878490448
1,2420,0.5815901756286621,0.3496687412261963,0.23192143440246582
1,2421,0.563534140586853,0.24982738494873047,0.31370678544044495
1,2422,0.5304031372070312,0.26426607370376587,0.266137033700943
1,2423,0.5364895462989807,0.2792602777481079,0.2572292685508728
1,2424,0.505262553691864,0.23406939208507538,0.27119314670562744
1,2425,0.3908829987049103,0.18265974521636963,0.20822325348854065
1,2426,0.9592458009719849,0.5769907236099243,0.38225504755973816
1,2427,0.6705725789070129,0.3279975652694702,0.3425750136375427
1,2428,0.9222435355186462,0.3902474045753479,0.5319961309432983
1,2429,0.5793663263320923,0.314354807138443,0.2650114893913269
1,2430,0.7496917247772217,0.4039820432662964,0.3457096815109253
1,2431,0.7519829869270325,0.4022158980369568,0.3497670888900757
1,2432,0.6956705451011658,0.22127759456634521,0.47439295053482056
1,2433,0.6401045322418213,0.26492297649383545,0.3751815855503082
1,2434,0.6858463883399963,0.3231043815612793,0.36274200677871704
1,2435,0.764860987663269,0.4500284194946289,0.31483256816864014
1,2436,0.665149450302124,0.30520984530448914,0.3599395751953125
1,2437,0.7323868274688721,0.4203645884990692,0.31202226877212524
1,2438,0.5531810522079468,0.21953800320625305,0.33364301919937134
1,2439,0.6077790856361389,0.36248600482940674,0.24529308080673218
1,2440,0.8499149084091187,0.4964429438114166,0.35347193479537964
1,2441,0.5566591024398804,0.32058024406433105,0.23607884347438812
1,2442,0.7215068340301514,0.3203975260257721,0.4011092782020569
1,2443,0.8259554505348206,0.37069523334503174,0.4552602171897888
1,2444,0.6624990105628967,0.30079829692840576,0.36170071363449097
1,2445,0.507953941822052,0.26683753728866577,0.24111640453338623
1,2446,0.5991650223731995,0.32381671667099,0.2753483057022095
1,2447,0.5584695339202881,0.23638692498207092,0.3220825791358948
1,2448,0.5822679996490479,0.19604840874671936,0.3862195611000061
1,2449,0.7479541301727295,0.2953416109085083,0.4526124894618988
1,2450,0.8317229747772217,0.41208019852638245,0.41964274644851685
1,2451,0.4846525192260742,0.16252806782722473,0.3221244513988495
1,2452,0.5265098214149475,0.24100422859191895,0.28550559282302856
1,2453,0.733640730381012,0.36426907777786255,0.3693716526031494
1,2454,0.6368997097015381,0.2640482187271118,0.37285152077674866
1,2455,0.5619422197341919,0.31163740158081055,0.25030481815338135
1,2456,0.7333801984786987,0.3868182301521301,0.3465619683265686
1,2457,0.8972148895263672,0.49865731596946716,0.3985576033592224
1,2458,0.5802077054977417,0.33200931549072266,0.24819841980934143
1,2459,0.5602198243141174,0.26490384340286255,0.2953159809112549
1,2460,0.6316673755645752,0.29300934076309204,0.33865803480148315
1,2461,0.3608657717704773,0.12418714165687561,0.23667863011360168
1,2462,0.5777850151062012,0.24063631892204285,0.3371487259864807
1,2463,0.6430100798606873,0.3103329539299011,0.33267712593078613
1,2464,0.693271815776825,0.3842606544494629,0.30901116132736206
1,2465,0.6396627426147461,0.3063410520553589,0.3333216905593872
1,2466,0.43340224027633667,0.1676834672689438,0.2657187581062317
1,2467,0.5079185962677002,0.28906917572021484,0.21884945034980774
1,2468,0.5640469789505005,0.2814873158931732,0.28255966305732727
1,2469,0.5968238115310669,0.2908133268356323,0.30601048469543457
1,2470,0.7313231229782104,0.37276262044906616,0.3585605025291443
1,2471,0.6621044874191284,0.32909178733825684,0.3330127000808716
1,2472,0.6685107946395874,0.36402541399002075,0.30448541045188904
1,2473,0.48318570852279663,0.23750454187393188,0.24568116664886475
1,2474,0.5805598497390747,0.30468234419822693,0.2758774757385254
1,2475,0.4894803762435913,0.19261527061462402,0.2968651056289673
1,2476,0.4633549451828003,0.28198328614234924,0.18137165904045105
1,2477,0.5993731021881104,0.22918656468391418,0.37018653750419617
1,2478,0.6325801610946655,0.3199111223220825,0.312669038772583
1,2479,0.4672622084617615,0.21097064018249512,0.25629156827926636
1,2480,0.5018349289894104,0.21383178234100342,0.288003146648407
1,2481,0.42762088775634766,0.19369007647037506,0.2339308261871338
1,2482,0.7492355108261108,0.3087129294872284,0.44052258133888245
1,2483,0.7167316675186157,0.31472158432006836,0.40201008319854736
1,2484,0.495189905166626,0.28598588705062866,0.20920400321483612
1,2485,0.7365708351135254,0.3184572160243988,0.418113648891449
1,2486,0.8985734581947327,0.55124431848526,0.34732913970947266
1,2487,0.6869896650314331,0.3988710045814514,0.2881186902523041
1,2488,0.6103192567825317,0.2209116369485855,0.3894076347351074
1,2489,1.3327882289886475,0.8609883785247803,0.47179991006851196
1,2490,0.6989455223083496,0.3959971070289612,0.3029484450817108
1,2491,1.6921329498291016,1.2620654106140137,0.4300675094127655
1,2492,0.4988253712654114,0.26360824704170227,0.2352171242237091
1,2493,0.8260689973831177,0.4704419672489166,0.35562705993652344
1,2494,0.7446194887161255,0.43501317501068115,0.30960631370544434
1,2495,0.6199203729629517,0.34343576431274414,0.2764846086502075
1,2496,0.8668497204780579,0.3473965525627136,0.5194531679153442
1,2497,0.5041419267654419,0.25975170731544495,0.24439021944999695
1,2498,0.7622734904289246,0.5111923813819885,0.25108110904693604
1,2499,0.5753410458564758,0.29034996032714844,0.2849910855293274
1,2500,0.5965675115585327,0.27941247820854187,0.31715506315231323
1,2501,0.9492939114570618,0.48363834619522095,0.4656555652618408
1,2502,0.607506275177002,0.25509604811668396,0.352410227060318
1,2503,0.5851283669471741,0.3560394048690796,0.22908896207809448
1,2504,0.5728862285614014,0.25306108593940735,0.31982511281967163
1,2505,0.6621295809745789,0.3410179018974304,0.32111167907714844
1,2506,0.7092829942703247,0.340424120426178,0.3688589036464691
1,2507,0.48252809047698975,0.24886314570903778,0.23366495966911316
1,2508,0.8722207546234131,0.4990541338920593,0.37316662073135376
1,2509,0.6145536303520203,0.3110255002975464,0.3035281300544739
1,2510,0.9031120538711548,0.4547030031681061,0.4484090805053711
1,2511,0.4575652778148651,0.19592079520225525,0.26164448261260986
1,2512,0.683081865310669,0.34281155467033386,0.34027034044265747
1,2513,0.681342601776123,0.41443169116973877,0.2669108808040619
1,2514,0.7354661822319031,0.42504775524139404,0.31041842699050903
1,2515,0.625740110874176,0.3222352862358093,0.3035048246383667
1,2516,0.43479567766189575,0.15110309422016144,0.2836925685405731
1,2517,0.6973384618759155,0.3381084203720093,0.35923007130622864
1,2518,0.46973466873168945,0.23377305269241333,0.23596163094043732
1,2519,0.6445794105529785,0.3530345559120178,0.2915448248386383
1,2520,0.5650076866149902,0.320584237575531,0.24442346394062042
1,2521,0.8100439310073853,0.5271849632263184,0.2828589677810669
1,2522,0.5977364778518677,0.33989280462265015,0.2578437030315399
1,2523,0.9492363929748535,0.5886292457580566,0.3606071472167969
1,2524,0.6130659580230713,0.24278098344802856,0.3702850043773651
1,2525,0.44621169567108154,0.19771189987659454,0.248499795794487
1,2526,0.6179399490356445,0.2778863310813904,0.34005358815193176
1,2527,0.9211094379425049,0.523331344127655,0.39777809381484985
1,2528,0.6432186365127563,0.34230220317840576,0.3009164333343506
1,2529,0.7032920122146606,0.4202788472175598,0.28301316499710083
1,2530,0.8957873582839966,0.5397290587425232,0.356058269739151
1,2531,0.609844982624054,0.25748032331466675,0.3523646593093872
1,2532,0.7721969485282898,0.4860857129096985,0.2861112356185913
1,2533,0.566256046295166,0.25565314292907715,0.31060290336608887
1,2534,0.6519584655761719,0.3199889063835144,0.33196958899497986
1,2535,0.4493619203567505,0.140031099319458,0.3093308210372925
1,2536,0.7201014757156372,0.43957751989364624,0.28052398562431335
1,2537,0.5862754583358765,0.2752128541469574,0.31106260418891907
1,2538,0.9621077179908752,0.49889546632766724,0.463212251663208
1,2539,0.49928873777389526,0.20074695348739624,0.298541784286499
1,2540,0.705500066280365,0.3444463610649109,0.3610537052154541
1,2541,0.7241359353065491,0.4342331290245056,0.28990280628204346
1,2542,0.6390405297279358,0.2024511694908142,0.4365893602371216
1,2543,0.5253483057022095,0.243051677942276,0.28229665756225586
1,2544,0.4263896942138672,0.17591416835784912,0.25047552585601807
1,2545,0.27813202142715454,0.07350461184978485,0.20462742447853088
1,2546,0.3845180869102478,0.14509616792201996,0.23942191898822784
1,2547,0.5331766605377197,0.17810142040252686,0.3550752103328705
1,2548,0.529582142829895,0.23101112246513367,0.29857099056243896
1,2549,1.0296077728271484,0.7018091678619385,0.32779860496520996
1,2550,0.5363049507141113,0.25832533836364746,0.27797961235046387
1,2551,0.8296096324920654,0.4864652752876282,0.34314435720443726
1,2552,0.8865017890930176,0.45516180992126465,0.43133997917175293
1,2553,0.6626665592193604,0.27473223209381104,0.3879343569278717
1,2554,0.6143158674240112,0.27699336409568787,0.33732253313064575
1,2555,0.5247204303741455,0.2862885296344757,0.2384319007396698
1,2556,0.7375811338424683,0.4701351821422577,0.2674459218978882
1,2557,0.5065128803253174,0.22369402647018433,0.28281885385513306
1,2558,0.6345894932746887,0.3508639931678772,0.2837255001068115
1,2559,0.5162611603736877,0.25395169854164124,0.2623094618320465
1,2560,0.9301069378852844,0.47299861907958984,0.4571083188056946
1,2561,0.5975806713104248,0.3340047001838684,0.2635759711265564
1,2562,0.6559581160545349,0.3264046907424927,0.32955342531204224
1,2563,0.8852530121803284,0.365192711353302,0.5200603008270264
1,2564,0.5139719843864441,0.17196810245513916,0.34200388193130493
1,2565,0.8114184141159058,0.47455671429634094,0.33686167001724243
1,2566,0.839937686920166,0.4419969916343689,0.39794066548347473
1,2567,0.4358988404273987,0.14872823655605316,0.2871705889701843
1,2568,0.5332999229431152,0.29630082845687866,0.23699909448623657
1,2569,0.6437005996704102,0.2905230224132538,0.353177547454834
1,2570,0.6463086605072021,0.3741787075996399,0.27212992310523987
1,2571,0.5456628799438477,0.27385327219963074,0.27180957794189453
1,2572,0.47167831659317017,0.22034700214862823,0.2513313293457031
1,2573,0.46530139446258545,0.17535357177257538,0.2899478077888489
1,2574,0.5027962923049927,0.26324376463890076,0.23955252766609192
1,2575,0.7147705554962158,0.3329775333404541,0.38179299235343933
1,2576,1.0225963592529297,0.6140265464782715,0.4085697531700134
1,2577,0.8603610396385193,0.457271933555603,0.40308910608291626
1,2578,0.42796510457992554,0.23373526334762573,0.1942298263311386
1,2579,0.3887035846710205,0.21524834632873535,0.17345523834228516
1,2580,0.4091392159461975,0.18265803158283234,0.22648119926452637
1,2581,0.405499130487442,0.1462373435497284,0.2592617869377136
1,2582,0.6140599250793457,0.24905675649642944,0.36500316858291626
1,2583,0.7315136790275574,0.4055585265159607,0.3259551525115967
1,2584,0.612572193145752,0.27974364161491394,0.3328285217285156
1,2585,0.5762202739715576,0.27218446135520935,0.30403584241867065
1,2586,0.42580071091651917,0.17507430911064148,0.2507264018058777
1,2587,0.5925449132919312,0.2654109299182892,0.32713401317596436
1,2588,0.7715519666671753,0.3556603491306305,0.4158915877342224
1,2589,0.6567188501358032,0.36130785942077637,0.29541099071502686
1,2590,0.6040554046630859,0.34761548042297363,0.2564399540424347
1,2591,0.8220925331115723,0.4680158495903015,0.35407671332359314
1,2592,1.0673116445541382,0.618276834487915,0.44903478026390076
1,2593,0.7664088010787964,0.28281331062316895,0.48359549045562744
1,2594,0.6362497210502625,0.3654669225215912,0.27078279852867126
1,2595,0.6278187036514282,0.36662161350250244,0.2611970901489258
1,2596,0.40381965041160583,0.15695494413375854,0.2468647062778473
1,2597,0.45696932077407837,0.2077271193265915,0.24924218654632568
1,2598,0.5395635366439819,0.18640589714050293,0.3531576693058014
1,2599,0.41796013712882996,0.12070601433515549,0.29725411534309387
1,2600,0.6759285926818848,0.23581451177597046,0.4401140809059143
1,2601,0.48893216252326965,0.2761707901954651,0.21276137232780457
1,2602,0.9783300161361694,0.5911232829093933,0.3872067332267761
1,2603,0.5376191735267639,0.28051701188087463,0.2571021616458893
1,2604,0.847055196762085,0.5156840682029724,0.33137109875679016
1,2605,0.8308107852935791,0.37476110458374023,0.45604968070983887
1,2606,0.5232994556427002,0.22527047991752625,0.29802894592285156
1,2607,0.5206750631332397,0.24866241216659546,0.2720126509666443
1,2608,0.7460683584213257,0.4393240809440613,0.3067443072795868
1,2609,0.6812312006950378,0.33809351921081543,0.3431376814842224
1,2610,0.8012944459915161,0.41823962330818176,0.38305479288101196
1,2611,0.6130321621894836,0.3934008479118347,0.21963131427764893
1,2612,0.6483577489852905,0.3425809144973755,0.30577683448791504
1,2613,0.7603797912597656,0.36300525069236755,0.39737457036972046
1,2614,0.5294346809387207,0.2854612171649933,0.2439734786748886
1,2615,0.7749154567718506,0.379447877407074,0.3954675793647766
1,2616,0.6895068883895874,0.4143581986427307,0.2751486599445343
1,2617,0.5890549421310425,0.3174115717411041,0.27164334058761597
1,2618,0.8035414218902588,0.35062262415885925,0.45291876792907715
1,2619,0.7423884868621826,0.3627341389656067,0.3796543776988983
1,2620,0.6481274962425232,0.2957834005355835,0.3523440957069397
1,2621,0.5146572589874268,0.18621036410331726,0.3284468948841095
1,2622,0.6188822984695435,0.22453030943870544,0.394351989030838
1,2623,0.7431480884552002,0.3651023507118225,0.3780457675457001
1,2624,0.579078197479248,0.23100054264068604,0.3480776250362396
1,2625,0.5641531944274902,0.2517683506011963,0.31238484382629395
1,2626,0.47136804461479187,0.2658510208129883,0.2055170238018036
1,2627,0.6048195362091064,0.3536738157272339,0.25114572048187256
1,2628,0.31529679894447327,0.13239988684654236,0.1828969120979309
1,2629,0.49061527848243713,0.21245399117469788,0.27816128730773926
1,2630,0.6457241177558899,0.25414153933525085,0.39158257842063904
1,2631,0.4229111969470978,0.18443971872329712,0.23847147822380066
1,2632,0.42203953862190247,0.15100547671318054,0.2710340619087219
1,2633,1.2655060291290283,0.7188547849655151,0.5466512441635132
1,2634,0.32609760761260986,0.12615622580051422,0.19994136691093445
1,2635,0.9697785377502441,0.7039891481399536,0.2657893896102905
1,2636,0.8490122556686401,0.5557221174240112,0.2932901680469513
1,2637,0.9160727262496948,0.577813446521759,0.3382592797279358
1,2638,0.8905738592147827,0.5538637638092041,0.3367100954055786
1,2639,0.8549644947052002,0.6257845163345337,0.2291800081729889
1,2640,0.6902719140052795,0.38017451763153076,0.3100973963737488
1,2641,0.5620027780532837,0.29225051403045654,0.26975229382514954
1,2642,0.617218017578125,0.26258906722068787,0.3546289801597595
1,2643,0.7182220220565796,0.3679525852203369,0.3502694368362427
1,2644,0.5112484097480774,0.26836180686950684,0.24288661777973175
1,2645,0.9262146949768066,0.4000164270401001,0.5261982679367065
1,2646,0.5314716696739197,0.27843666076660156,0.2530350089073181
1,2647,0.8403034806251526,0.5281442403793335,0.3121592402458191
1,2648,0.47391682863235474,0.25079071521759033,0.2231261134147644
1,2649,0.9009935259819031,0.3661873936653137,0.5348061323165894
1,2650,0.7105098366737366,0.5248511433601379,0.18565870821475983
1,2651,0.5031576156616211,0.27971500158309937,0.22344264388084412
1,2652,0.6351960897445679,0.31022754311561584,0.3249685764312744
1,2653,0.42811232805252075,0.1634778380393982,0.26463449001312256
1,2654,0.6126134395599365,0.27617356181144714,0.3364398777484894
1,2655,0.5314335823059082,0.256656289100647,0.27477729320526123
1,2656,0.8434247970581055,0.6011216640472412,0.24230316281318665
1,2657,1.1957846879959106,0.7982059121131897,0.39757874608039856
1,2658,0.6977416276931763,0.345558762550354,0.3521828353404999
1,2659,0.5815419554710388,0.3482135534286499,0.2333284169435501
1,2660,0.7729706764221191,0.392639696598053,0.38033097982406616
1,2661,0.5937740802764893,0.3052569031715393,0.28851717710494995
1,2662,0.5002727508544922,0.22876520454883575,0.2715075612068176
1,2663,0.7595386505126953,0.37492835521698,0.38461029529571533
1,2664,1.1029160022735596,0.6535632610321045,0.4493527114391327
1,2665,0.6319587230682373,0.22103619575500488,0.4109225273132324
1,2666,0.7350127696990967,0.41808658838272095,0.3169262111186981
1,2667,0.9887596964836121,0.496670126914978,0.49208956956863403
1,2668,0.5214451551437378,0.20476767420768738,0.3166775107383728
1,2669,0.8214090466499329,0.4516969919204712,0.36971205472946167
1,2670,0.5903347730636597,0.27031081914901733,0.32002395391464233
1,2671,0.7002129554748535,0.3442830741405487,0.3559299111366272
1,2672,0.7454174757003784,0.4015735983848572,0.34384387731552124
1,2673,0.6382735371589661,0.3197020888328552,0.31857144832611084
1,2674,0.9363772869110107,0.4653720259666443,0.47100526094436646
1,2675,0.7357208728790283,0.3107008635997772,0.4250200092792511
1,2676,0.8882356882095337,0.5951107740402222,0.29312488436698914
1,2677,0.7831125259399414,0.45918548107147217,0.32392704486846924
1,2678,1.0043377876281738,0.6520418524742126,0.3522959053516388
1,2679,0.593416154384613,0.224867045879364,0.368549108505249
1,2680,0.5066109895706177,0.29297012090682983,0.21364086866378784
1,2681,0.5058292150497437,0.219866544008255,0.28596270084381104
1,2682,0.5225421190261841,0.2784980535507202,0.24404403567314148
1,2683,0.6013246178627014,0.307052880525589,0.2942717373371124
1,2684,0.26665443181991577,0.11252592504024506,0.15412849187850952
1,2685,0.5641965866088867,0.2422890067100525,0.32190755009651184
1,2686,1.0171602964401245,0.6620092391967773,0.35515108704566956
1,2687,0.7923663258552551,0.41063225269317627,0.38173407316207886
1,2688,0.6327898502349854,0.3518116772174835,0.2809782028198242
1,2689,0.6448637247085571,0.3228907287120819,0.32197296619415283
1,2690,0.4993780553340912,0.1823832094669342,0.316994845867157
1,2691,0.6159291863441467,0.31169840693473816,0.30423077940940857
1,2692,0.5789287090301514,0.23983925580978394,0.33908945322036743
1,2693,0.8771845102310181,0.5669511556625366,0.31023335456848145
1,2694,0.571898341178894,0.2484942525625229,0.32340407371520996
1,2695,0.8206409811973572,0.35519593954086304,0.46544504165649414
1,2696,0.6176376938819885,0.2824041247367859,0.33523356914520264
1,2697,0.6499373912811279,0.3252635598182678,0.3246738612651825
1,2698,0.7930924892425537,0.4830777645111084,0.3100147247314453
1,2699,0.5765054225921631,0.3418874740600586,0.2346179187297821
1,2700,0.4926196336746216,0.24603232741355896,0.24658732116222382
1,2701,0.7136244773864746,0.3528304100036621,0.3607940673828125
1,2702,0.5880565643310547,0.23225054144859314,0.35580602288246155
1,2703,0.38011109828948975,0.14771850407123566,0.2323925793170929
1,2704,0.6115298867225647,0.3344786763191223,0.2770512104034424
1,2705,0.6806967258453369,0.44285812973976135,0.23783859610557556
1,2706,0.4064136743545532,0.15356877446174622,0.252844899892807
1,2707,0.7198410630226135,0.2489829659461975,0.470858097076416
1,2708,0.5113974809646606,0.21336346864700317,0.29803404211997986
1,2709,0.6096028089523315,0.30857419967651367,0.30102860927581787
1,2710,0.5260158777236938,0.2213853895664215,0.30463045835494995
1,2711,0.5945457220077515,0.22541862726211548,0.3691271245479584
1,2712,0.625927209854126,0.25757932662963867,0.3683478832244873
1,2713,0.5395252704620361,0.29642218351364136,0.24310310184955597
1,2714,0.5213215351104736,0.17419064044952393,0.3471308648586273
1,2715,0.4951291084289551,0.23420822620391846,0.2609208822250366
1,2716,0.6677591800689697,0.2902348041534424,0.37752437591552734
1,2717,0.4719022810459137,0.20145395398139954,0.27044832706451416
1,2718,0.5289828777313232,0.2585585117340088,0.27042433619499207
1,2719,0.5850244760513306,0.30066782236099243,0.2843566834926605
1,2720,0.7862781286239624,0.43367213010787964,0.3526059687137604
1,2721,0.5641565918922424,0.24393688142299652,0.3202196955680847
1,2722,0.5296525955200195,0.2533639967441559,0.27628862857818604
1,2723,0.7730098366737366,0.3844560384750366,0.38855379819869995
1,2724,0.5002378225326538,0.2380606085062027,0.2621771991252899
1,2725,0.6249480247497559,0.36065590381622314,0.2642921209335327
1,2726,0.5118076205253601,0.14256654679775238,0.3692410886287689
1,2727,0.7060754299163818,0.3244355320930481,0.38163989782333374
1,2728,0.5258461833000183,0.257389634847641,0.2684565484523773
1,2729,0.6527374982833862,0.40332871675491333,0.2494087666273117
1,2730,0.9905746579170227,0.561381459236145,0.4291931986808777
1,2731,0.4938759505748749,0.26334214210510254,0.23053380846977234
1,2732,0.7057054042816162,0.36956048011779785,0.33614492416381836
1,2733,0.8757679462432861,0.6072108745574951,0.2685571014881134
1,2734,0.6795288324356079,0.37156185507774353,0.30796700716018677
1,2735,0.8063498139381409,0.3691784143447876,0.43717139959335327
1,2736,0.6762256622314453,0.41649329662323,0.25973233580589294
1,2737,0.6418996453285217,0.37519749999046326,0.26670214533805847
1,2738,1.525234341621399,0.9472029209136963,0.5780314207077026
1,2739,0.734406590461731,0.26054662466049194,0.473859965801239
1,2740,0.6390811800956726,0.27058669924736023,0.3684944808483124
1,2741,0.5019370317459106,0.2119690477848053,0.28996798396110535
1,2742,0.4567292332649231,0.1789410412311554,0.2777881920337677
1,2743,1.2746387720108032,0.7534090876579285,0.5212296843528748
1,2744,0.5385202765464783,0.25568339228630066,0.2828368842601776
1,2745,0.6829934120178223,0.34172314405441284,0.3412702679634094
1,2746,0.6647573709487915,0.35761570930480957,0.3071416914463043
1,2747,0.7550602555274963,0.35778379440307617,0.39727646112442017
1,2748,0.9072422981262207,0.5033972263336182,0.40384507179260254
1,2749,0.6195155382156372,0.3228052854537964,0.29671022295951843
1,2750,0.3944554328918457,0.1890365183353424,0.2054189294576645
1,2751,0.646415114402771,0.2914544343948364,0.35496068000793457
1,2752,0.42029890418052673,0.18123111128807068,0.23906779289245605
1,2753,0.48138707876205444,0.2115631252527237,0.26982393860816956
1,2754,0.7476550936698914,0.35013723373413086,0.3975178599357605
1,2755,0.8160866498947144,0.4503556191921234,0.36573100090026855
1,2756,0.7676733732223511,0.3961784243583679,0.37149497866630554
1,2757,0.5503286123275757,0.2131061851978302,0.3372223973274231
1,2758,0.7253962755203247,0.3888222575187683,0.336573988199234
1,2759,0.41650521755218506,0.15999478101730347,0.2565104365348816
1,2760,0.6399292945861816,0.3584831953048706,0.28144606947898865
1,2761,0.5698082447052002,0.2928217053413391,0.27698656916618347
1,2762,0.6168540120124817,0.3286089599132538,0.2882450520992279
